DEPTH_M,DEPTH_F,BS,CALI,DENS,DRHO,DTC,DTS,GR,NEUT,PEF,RESD,RESM,RESS,TEMP,TENS
2499.8172,8201.5003,12.5,12.1779,2.4484,0.019703,89.2881,146.9877,103.6568,0.255953,2.5113,6.2885,6.084,5.9969,70,1663.2195
2499.9696,8202.0003,12.5,12.1779,2.4514,0.019951,89.7513,147.1076,101.6434,0.25604,2.4938,6.5668,6.3479,6.2982,70,1658.8743
2500.122,8202.5003,12.5,12.1779,2.4637,0.02,89.9181,146.9753,100.2239,0.261165,2.5891,6.7277,6.528,6.4874,70,1658.9932
2500.2744,8203.0003,12.5,12.1779,2.4783,0.02,90.0109,146.7802,98.9525,0.267546,2.7125,6.8593,6.6873,6.6486,70,1660.2244
2500.4268,8203.5003,12.5,12.1779,2.4928,0.02,90.1037,146.5851,97.6811,0.273926,2.8359,6.9909,6.8466,6.8098,70,1661.4556
2500.5792,8204.0003,12.5,12.1779,2.503,0.019604,90.1879,146.2676,98.3947,0.276014,2.9348,7.0432,6.9163,6.8445,70,1664.3126
2500.7316,8204.5003,12.5,12.1779,2.5092,0.018842,90.264,145.8372,100.9429,0.274135,3.0109,7.0221,6.9031,6.7623,70,1668.6724
2500.884,8205.0003,12.5,12.1779,2.5153,0.01808,90.3401,145.4067,103.4911,0.272255,3.0871,7.001,6.89,6.6801,70,1673.0321
2501.0364,8205.5003,12.5,12.1779,2.5149,0.017682,90.2774,145.1174,105.1101,0.270219,3.1215,7.1579,7.0181,6.739,70,1676.3285
2501.1888,8206.0003,12.5,12.1779,2.4933,0.018444,89.7721,145.2781,103.7678,0.267681,3.0232,7.8818,7.5963,7.2476,70,1676.2361
2501.3412,8206.5003,12.5,12.1779,2.4718,0.019206,89.2668,145.4388,102.4255,0.265144,2.9249,8.6057,8.1744,7.7563,70,1676.1436
2501.4936,8207.0003,12.5,12.1779,2.4503,0.019968,88.7615,145.5995,101.0832,0.262607,2.8266,9.3296,8.7526,8.2649,70,1676.0511
2501.646,8207.5003,12.5,12.1779,2.431,0.019047,88.6431,146.1278,101.443,0.280623,2.7596,10.8737,10.3152,9.9511,70,1678.6417
2501.7984,8208.0003,12.5,12.1779,2.4119,0.018052,88.5417,146.6723,101.8774,0.29954,2.6939,12.4538,11.921,11.6888,70,1681.3499
2501.9508,8208.5003,12.5,12.1779,2.3928,0.017057,88.4403,147.2167,102.3118,0.318457,2.6283,14.0339,13.5268,13.4266,70,1684.058
2502.1032,8209.0003,12.5,12.1779,2.377,0.016591,88.2804,147.6235,105.9261,0.321923,2.6098,15.4243,14.9998,14.9072,70,1683.8907
2502.2556,8209.5003,12.5,12.1779,2.3628,0.016378,88.0927,147.9647,111.0564,0.318021,2.6138,16.7244,16.4095,16.2652,70,1682.3527
2502.408,8210.0003,12.5,12.1779,2.3487,0.016165,87.905,148.3058,116.1868,0.31412,2.6178,18.0244,17.8192,17.6231,70,1680.8145
2502.5604,8210.5003,12.5,12.1779,2.3446,0.016511,87.849,148.5377,119.4474,0.315424,2.6342,18.9687,18.7883,18.4629,69.8796,1677.8379
2502.7128,8211.0003,12.5,12.1779,2.356,0.017709,87.9936,148.603,119.8604,0.324656,2.6694,19.371,19.0863,18.5135,69.5759,1672.6703
2502.8652,8211.5003,12.5,12.1779,2.3673,0.018906,88.1383,148.6683,120.2733,0.333887,2.7046,19.7733,19.3843,18.564,69.2721,1667.5026
2503.0176,8212.0003,12.5,12.1779,2.3763,0.020033,88.2829,148.7239,120.6418,0.340703,2.7349,20.1374,19.6694,18.6433,69.0033,1663.2805
2503.17,8212.5003,12.5,12.1779,2.3674,0.020615,88.4275,148.7053,120.6702,0.329009,2.728,20.2095,19.8554,18.9422,69.0023,1666.3
2503.3224,8213.0003,12.5,12.1779,2.3585,0.021197,88.5721,148.6866,120.6986,0.317315,2.7212,20.2816,20.0414,19.2411,69.0012,1669.3196
2503.4748,8213.5003,12.5,12.1779,2.3496,0.021779,88.7168,148.668,120.727,0.305621,2.7143,20.3537,20.2274,19.54,69.0002,1672.3391
2503.6272,8214.0003,12.5,12.1779,2.3457,0.021367,88.4534,148.634,123.0501,0.317013,2.6908,18.5706,18.5115,17.9913,69.0031,1671.4725
2503.7796,8214.5003,12.5,12.1779,2.3428,0.020758,88.1091,148.5969,125.8278,0.332979,2.6641,16.4199,16.4188,16.0767,69.0069,1669.8362
2503.932,8215.0003,12.5,12.1779,2.3399,0.020149,87.7649,148.5599,128.6055,0.348944,2.6374,14.2692,14.326,14.162,69.0106,1668.1997
2504.0844,8215.5003,12.5,12.1779,2.3599,0.019424,87.5587,148.5454,130.208,0.354935,2.6133,12.5149,12.5292,12.371,69.179,1667.3119
2504.2368,8216.0003,12.5,12.1779,2.3983,0.018606,87.4637,148.5492,130.8635,0.352889,2.5912,11.08,10.9709,10.6795,69.4801,1667.0271
2504.3892,8216.5003,12.5,12.1779,2.4366,0.017788,87.3687,148.5529,131.519,0.350844,2.5691,9.6451,9.4125,8.988,69.7811,1666.7423
2504.5416,8217.0003,12.5,12.1779,2.465,0.016594,87.5089,148.6355,132.8001,0.342826,2.5611,8.5285,8.1914,7.6895,70,1667.6843
2504.694,8217.5003,12.5,12.1779,2.4667,0.014402,88.2757,148.9283,135.7473,0.318899,2.5908,8.2597,7.8689,7.4374,70,1671.8938
2504.8464,8218.0003,12.5,12.1779,2.4684,0.01221,89.0424,149.2211,138.6946,0.294973,2.6204,7.9908,7.5463,7.1853,70,1676.1033
2504.9988,8218.5003,12.5,12.1779,2.4701,0.010017,89.8091,149.5139,141.6419,0.271047,2.65,7.722,7.2237,6.9332,70,1680.3127
2505.1512,8219.0003,12.5,12.1779,2.4714,0.012106,90.8844,149.8795,139.8261,0.264876,2.6659,7.4958,7.1129,6.8761,70,1678.9349
2505.3036,8219.5003,12.5,12.1779,2.4726,0.01423,91.9622,150.2458,137.9725,0.258846,2.6818,7.27,7.0037,6.8205,70,1677.5127
2505.456,8220.0003,12.5,12.1779,2.4739,0.016353,93.04,150.612,136.1189,0.252816,2.6976,7.0441,6.8946,6.765,70,1676.0905
2505.6084,8220.5003,12.5,12.1779,2.4748,0.017895,93.9537,150.6148,131.377,0.24957,2.6517,6.9281,6.8104,6.6795,70,1676.3149
2505.7608,8221.0003,12.5,12.1779,2.4756,0.0192,94.8007,150.4701,125.4627,0.247453,2.5807,6.8566,6.7363,6.5819,70,1677.2079
2505.9132,8221.5003,12.5,12.1779,2.4764,0.020506,95.6477,150.3253,119.5484,0.245337,2.5098,6.7851,6.6622,6.4843,70,1678.101
2506.0656,8222.0003,12.5,12.1779,2.4713,0.021479,96.1027,150.1568,115.8469,0.245851,2.5139,6.7454,6.6152,6.4349,70,1676.8461
2506.218,8222.5003,12.5,12.1779,2.4585,0.02201,96.0388,149.9567,115.0733,0.249846,2.6172,6.7478,6.6041,6.4493,70,1672.7491
2506.3704,8223.0003,12.5,12.1779,2.4456,0.022541,95.9749,149.7566,114.2996,0.25384,2.7205,6.7502,6.593,6.4636,70,1668.6523
2506.5228,8223.5003,12.5,12.1779,2.4344,0.022796,95.936,149.7631,113.5493,0.257609,2.7959,6.7514,6.5871,6.4809,70,1666.8253
2506.6752,8224.0003,12.5,12.1779,2.433,0.021484,96.039,150.9443,112.9317,0.260089,2.7123,6.7459,6.6104,6.5149,70,1677.9009
2506.8276,8224.5003,12.5,12.1779,2.4316,0.020172,96.142,152.1254,112.314,0.262569,2.6287,6.7403,6.6336,6.5489,70,1688.9766
2506.98,8225.0003,12.5,12.1779,2.4302,0.01886,96.245,153.3065,111.6963,0.265049,2.5451,6.7348,6.6569,6.5829,70,1700.0521
2507.1324,8225.5003,12.5,12.1779,2.4364,0.016387,96.1251,154.9054,111.945,0.26507,2.5718,6.6594,6.5792,6.5092,70,1697.8433
2507.2848,8226.0003,12.5,12.1779,2.4437,0.013739,95.9715,156.5674,112.3245,0.264719,2.6152,6.5735,6.4862,6.4192,70,1693.6277
2507.4372,8226.5003,12.5,12.1779,2.451,0.011091,95.818,158.2294,112.704,0.264367,2.6586,6.4876,6.3931,6.3292,70,1689.4121
2507.5896,8227.0003,12.5,12.1779,2.4515,0.013024,94.7351,159.44,113.0122,0.262926,2.6549,6.2272,6.1425,6.0795,70,1688.901
2507.742,8227.5003,12.5,12.1779,2.4472,0.018167,93.0008,160.3342,113.2706,0.260721,2.618,5.8446,5.7814,5.7179,70,1690.9862
2507.8944,8228.0003,12.5,12.1779,2.443,0.023311,91.2665,161.2283,113.5289,0.258516,2.5812,5.462,5.4202,5.3562,70,1693.0714
2508.0468,8228.5003,12.5,12.1779,2.4428,0.02532,89.9392,161.8997,114.1711,0.255438,2.5771,5.1443,5.1143,5.0504,70,1695.1913
2508.1992,8229.0003,12.5,12.1779,2.4519,0.020255,89.5302,162.0682,115.6794,0.250392,2.6472,4.973,4.933,4.8706,70,1697.3893
2508.3516,8229.5003,12.5,12.1779,2.4611,0.015191,89.1213,162.2368,117.1877,0.245347,2.7173,4.8017,4.7517,4.6908,70,1699.5874
2508.504,8230.0003,12.5,12.1779,2.4699,0.010338,88.7169,162.4109,118.5557,0.240569,2.7886,4.627,4.567,4.5071,70,1701.7366
2508.6564,8230.5003,12.5,12.1779,2.4675,0.013324,88.483,162.7946,114.7157,0.24572,2.9053,4.3246,4.2561,4.1793,70,1702.0731
2508.8088,8231.0003,12.5,12.1779,2.4652,0.016311,88.2491,163.1783,110.8756,0.250872,3.022,4.0222,3.9452,3.8515,70,1702.4097
2508.9612,8231.5003,12.5,12.1779,2.4628,0.019297,88.0152,163.562,107.0356,0.256024,3.1387,3.7198,3.6343,3.5237,70,1702.7462
2509.1136,8232.0003,12.5,12.1779,2.4573,0.022316,87.9753,163.1918,105.6407,0.256351,3.0863,3.6201,3.5294,3.4476,70,1698.2131
2509.266,8232.5003,12.5,12.1779,2.4508,0.025347,88.0016,162.5642,105.0809,0.25503,2.9763,3.5897,3.4948,3.4575,70,1692.0168
2509.4184,8233.0003,12.5,12.1779,2.4443,0.028377,88.0279,161.9366,104.5212,0.253709,2.8662,3.5592,3.4602,3.4674,70,1685.8206
2509.5708,8233.5003,12.5,12.1779,2.4435,0.028591,88.2199,160.5648,104.1403,0.250766,2.8605,3.5177,3.424,3.4429,70.1409,1683.1183
2509.7232,8234.0003,12.5,12.1779,2.4494,0.025559,88.6027,158.3353,103.9657,0.245954,2.9751,3.4635,3.3858,3.3789,70.4441,1684.4431
2509.8756,8234.5003,12.5,12.1779,2.4552,0.022526,88.9855,156.1058,103.791,0.241141,3.0896,3.4092,3.3476,3.3148,70.7474,1685.7681
2510.028,8235.0003,12.5,12.1779,2.4617,0.020116,89.3418,154.0571,103.6737,0.238041,3.1802,3.3936,3.3427,3.2946,70.9952,1687.3459
2510.1804,8235.5003,12.5,12.1779,2.4708,0.020475,89.58,152.8115,103.8106,0.24255,3.164,3.5497,3.4853,3.4696,70.9968,1690.0481
2510.3328,8236.0003,12.5,12.1779,2.48,0.020833,89.8183,151.5659,103.9476,0.247058,3.1479,3.7058,3.628,3.6447,70.9983,1692.7502
2510.4852,8236.5003,12.5,12.1779,2.4891,0.021192,90.0565,150.3204,104.0846,0.251567,3.1318,3.8619,3.7706,3.8197,70.9998,1695.4523
2510.6376,8237.0003,12.5,12.1779,2.4813,0.023641,89.6129,150.1415,103.3865,0.253697,2.9909,3.7468,3.6796,3.7339,71,1692.6244
2510.79,8237.5003,12.5,12.1779,2.4716,0.026315,89.0959,150.0773,102.5986,0.255573,2.8365,3.6025,3.5634,3.6202,71,1689.2018
2510.9424,8238.0003,12.5,12.1779,2.4619,0.028989,88.5789,150.0132,101.8107,0.257448,2.6821,3.4581,3.4472,3.5064,71,1685.7791
2511.0948,8238.5003,12.5,12.1779,2.456,0.031232,88.3802,150.0023,101.9666,0.253503,2.6538,3.357,3.3478,3.3921,71,1684.7317
2511.2472,8239.0003,12.5,12.1779,2.4524,0.033214,88.3749,150.0239,102.696,0.246023,2.7021,3.282,3.2586,3.2774,71,1685.1274
2511.3996,8239.5003,12.5,12.1779,2.4489,0.035195,88.3695,150.0455,103.4253,0.238542,2.7503,3.207,3.1694,3.1627,71,1685.5232
2511.552,8240.0003,12.5,12.1781,2.4437,0.034785,88.2949,150.1304,103.9938,0.235797,2.7698,3.1804,3.1288,3.1057,71,1686.1825
2511.7044,8240.5003,12.5,12.1785,2.4357,0.02976,88.0864,150.3376,104.2516,0.242196,2.7338,3.2471,3.1821,3.16,71,1687.3507
2511.8568,8241.0003,12.5,12.179,2.4276,0.024734,87.8779,150.5447,104.5095,0.248595,2.6978,3.3139,3.2353,3.2143,71,1688.5189
2512.0092,8241.5003,12.5,12.1799,2.4204,0.019871,87.7012,150.7546,104.7271,0.254048,2.6647,3.377,3.2863,3.2667,71,1689.839
2512.1616,8242.0003,12.5,12.1872,2.4265,0.01754,88.0189,151.008,104.3178,0.244777,2.6767,3.3837,3.3028,3.2893,71,1693.5231
2512.314,8242.5003,12.5,12.1945,2.4326,0.015208,88.3366,151.2614,103.9085,0.235505,2.6888,3.3904,3.3192,3.3119,71,1697.2072
2512.4664,8243.0003,12.5,12.2018,2.4387,0.012877,88.6544,151.5148,103.4992,0.226234,2.7008,3.3971,3.3356,3.3345,71,1700.8912
2512.6188,8243.5003,12.5,12.2034,2.4376,0.016553,88.8787,151.6192,101.503,0.230263,2.6777,3.4678,3.4,3.3954,71,1699.927
2512.7712,8244.0003,12.5,12.2034,2.4346,0.021929,89.0766,151.6814,99.058,0.238054,2.6446,3.5566,3.478,3.4672,71,1697.6482
2512.9236,8244.5003,12.5,12.2034,2.4315,0.027305,89.2745,151.7437,96.6129,0.245844,2.6116,3.6455,3.5559,3.539,71,1695.3693
2513.076,8245.0003,12.5,12.2151,2.4361,0.027972,89.2043,151.5443,96.4392,0.250934,2.6116,3.7831,3.6835,3.6632,71,1694.1039
2513.2284,8245.5003,12.5,12.2384,2.4484,0.023905,88.8646,151.0819,98.5488,0.253308,2.6449,3.9697,3.8609,3.84,71,1693.8572
2513.3808,8246.0003,12.5,12.2618,2.4607,0.019838,88.5249,150.6194,100.6583,0.255683,2.6782,4.1564,4.0384,4.0169,71,1693.6106
2513.5332,8246.5003,12.5,12.2798,2.4695,0.016216,88.1358,150.1819,102.7522,0.256548,2.7062,4.2579,4.1421,4.122,71,1692.6537
2513.6856,8247.0003,12.5,12.2783,2.4655,0.014194,87.5696,149.8334,104.7897,0.251996,2.7151,4.0533,3.9812,3.9693,71,1689.1462
2513.838,8247.5003,12.5,12.2768,2.4616,0.012172,87.0033,149.4849,106.8273,0.247444,2.7241,3.8488,3.8204,3.8166,71,1685.6389
2513.9904,8248.0003,12.5,12.2754,2.4577,0.010149,86.4371,149.1364,108.8648,0.242892,2.7331,3.6442,3.6595,3.6639,71,1682.1316
2514.1428,8248.5003,12.5,12.2571,2.4515,0.018554,86.7368,148.9123,108.0769,0.241432,2.74,3.6356,3.6193,3.6153,71,1677.6161
2514.2952,8249.0003,12.5,12.2378,2.4452,0.027659,87.0947,148.6966,107.0991,0.24018,2.7467,3.6401,3.5871,3.5736,71,1673.0328
2514.4476,8249.5003,12.5,12.2185,2.4388,0.036764,87.4527,148.4809,106.1213,0.238927,2.7534,3.6447,3.555,3.532,71,1668.4496
2514.6,8250.0003,12.5,12.2101,2.4433,0.037916,87.9019,148.1907,104.661,0.239022,2.8803,3.4297,3.3441,3.3164,71,1664.363
2514.7524,8250.5003,12.5,12.2076,2.4535,0.0349,88.399,147.8616,102.9479,0.239824,3.0702,3.0998,3.0397,3.0096,71,1660.5366
2514.9048,8251.0003,12.5,12.205,2.4637,0.031884,88.8961,147.5325,101.2348,0.240625,3.2601,2.7699,2.7352,2.7029,71,1656.7102
2515.0572,8251.5003,12.5,12.2034,2.4643,0.029943,89.2388,147.2012,100.6802,0.241753,3.3821,2.6005,2.5696,2.5357,71,1658.7726
2515.2096,8252.0003,12.5,12.2034,2.449,0.029791,89.3245,146.8663,102.0537,0.243428,3.3911,2.6984,2.6353,2.601,71,1670.6357
2515.362,8252.5003,12.5,12.2034,2.4338,0.029639,89.4102,146.5315,103.4273,0.245102,3.4002,2.7963,2.7009,2.6662,71,1682.4989
2515.5144,8253.0003,12.5,12.204,2.4161,0.029284,89.4751,146.2492,104.5758,0.245919,3.3821,2.877,2.755,2.7215,71,1693.1785
2515.6668,8253.5003,12.5,12.2103,2.3753,0.026983,89.341,146.4706,103.5684,0.238517,3.1047,2.7933,2.6982,2.6809,71,1692.514
2515.8192,8254.0003,12.5,12.2167,2.3345,0.024681,89.2068,146.692,102.5609,0.231116,2.8273,2.7095,2.6414,2.6404,71,1691.8497
2515.9716,8254.5003,12.5,12.223,2.2937,0.022379,89.0727,146.9134,101.5535,0.223714,2.5499,2.6258,2.5846,2.5998,71,1691.1853
2516.124,8255.0003,12.5,12.2224,2.276,0.021477,88.8657,147.3179,100.9079,0.21728,2.4162,2.6276,2.5885,2.5996,71,1694.6156
2516.2764,8255.5003,12.5,12.2203,2.2636,0.020896,88.6421,147.7644,100.3453,0.211068,2.3155,2.6491,2.6064,2.6086,71,1698.9836
2516.4288,8256.0003,12.5,12.2181,2.2511,0.020314,88.4184,148.2108,99.7827,0.204856,2.2147,2.6706,2.6242,2.6176,71,1703.3517
2516.5812,8256.5003,12.5,12.2148,2.2428,0.020036,88.051,148.6085,100.6774,0.203676,2.149,2.6984,2.6552,2.6454,71,1704.27
2516.7336,8257.0003,12.5,12.2107,2.2381,0.020023,87.5575,148.9635,102.8499,0.206909,2.1139,2.7317,2.6977,2.6897,71,1702.1633
2516.886,8257.5003,12.5,12.2065,2.2334,0.02001,87.064,149.3184,105.0224,0.210141,2.0789,2.7651,2.7403,2.7339,71,1700.0566
2517.0384,8258.0003,12.5,12.2055,2.2276,0.020021,86.7938,149.57,106.9506,0.211303,2.0593,2.7737,2.7534,2.7466,71,1698.6289
2517.1908,8258.5003,12.5,12.2137,2.2184,0.020102,87.1868,149.5149,108.1535,0.206316,2.0857,2.7089,2.6794,2.6655,71,1699.217
2517.3432,8259.0003,12.5,12.222,2.2092,0.020183,87.5798,149.4598,109.3563,0.201329,2.112,2.644,2.6054,2.5844,71,1699.8052
2517.4956,8259.5003,12.5,12.2302,2.2,0.020265,87.9728,149.4047,110.5592,0.196342,2.1384,2.5791,2.5314,2.5033,71,1700.3933
2517.648,8260.0003,12.5,12.2405,2.2416,0.014268,90.1206,149.5446,107.463,0.207872,2.667,2.4859,2.4338,2.3887,71,1705.6873
2517.8004,8260.5003,12.5,12.2508,2.2847,0.008091,92.3206,149.6904,104.239,0.219893,3.2106,2.3919,2.3356,2.2732,71,1711.1212
2517.9528,8261.0003,12.5,12.2611,2.3279,0.001913,94.5206,149.8362,101.0149,0.231914,3.7542,2.2979,2.2373,2.1577,71,1716.5551
2518.1052,8261.5003,12.5,12.2659,2.3272,0.006693,95.1402,149.6008,100.6899,0.236563,3.5935,2.5039,2.4243,2.3711,71,1714.5508
2518.2576,8262.0003,12.5,12.2682,2.3068,0.016389,95.0508,149.1944,101.6656,0.237904,3.1168,2.8446,2.7394,2.7321,71,1709.2092
2518.41,8262.5003,12.5,12.2706,2.2865,0.026085,94.9614,148.788,102.6412,0.239245,2.6401,3.1852,3.0544,3.0931,71,1703.8677
2518.5624,8263.0003,12.5,12.299,2.27,0.029255,94.6276,148.3127,103.1721,0.23755,2.3125,3.4075,3.28,3.3341,71,1706.207
2518.7148,8263.5003,12.5,12.365,2.2591,0.023013,93.9413,147.7383,103.0616,0.231475,2.2,3.4592,3.3765,3.4019,71,1719.6245
2518.8672,8264.0003,12.5,12.4311,2.2482,0.016771,93.255,147.1639,102.951,0.225399,2.0874,3.5109,3.473,3.4697,71,1733.0419
2519.0196,8264.5003,12.5,12.4846,2.2396,0.011724,92.9338,146.6694,102.1708,0.219879,1.9935,3.5692,3.567,3.5381,71,1743.5684
2519.172,8265.0003,12.5,12.454,2.2465,0.014776,95.0854,146.7165,96.8534,0.218117,2.0261,3.6721,3.6441,3.61,71,1734.5068
2519.3244,8265.5003,12.5,12.4234,2.2534,0.017828,97.237,146.7637,91.536,0.216355,2.0586,3.775,3.7212,3.6819,71,1725.4453
2519.4768,8266.0003,12.5,12.3928,2.2603,0.02088,99.3887,146.8108,86.2186,0.214593,2.0912,3.8779,3.7983,3.7538,71,1716.3838
2519.6292,8266.5003,12.5,12.4659,2.2788,0.024712,101.1646,146.7176,84.9888,0.21786,2.1612,3.9089,3.8237,3.7796,71,1718.5035
2519.7816,8267.0003,12.5,12.5576,2.2993,0.028683,102.8731,146.5992,84.493,0.22203,2.2381,3.9271,3.8399,3.7973,71,1722.631
2519.934,8267.5003,12.5,12.6493,2.3199,0.032655,104.5816,146.4807,83.9972,0.2262,2.3149,3.9453,3.8561,3.8149,71,1726.7585
2520.0864,8268.0003,12.5,12.6436,2.3248,0.032409,106.3825,148.1893,82.7884,0.226864,2.3294,3.9505,3.8613,3.8227,71,1723.8763
2520.2388,8268.5003,12.5,12.5635,2.3177,0.028942,108.254,151.2933,81.035,0.224849,2.2963,3.946,3.8582,3.8231,71,1715.6394
2520.3912,8269.0003,12.5,12.4834,2.3107,0.025474,110.1255,154.3974,79.2817,0.222835,2.2633,3.9414,3.8551,3.8235,71,1707.4025
2520.5436,8269.5003,12.5,12.4622,2.306,0.024477,111.4304,157.0144,77.3731,0.221115,2.2389,3.9401,3.8552,3.8244,71,1702.0544
2520.696,8270.0003,12.5,12.5883,2.3074,0.029643,111.3216,158.416,75.0774,0.220132,2.236,3.9468,3.8635,3.8263,71,1703.9155
2520.8484,8270.5003,12.5,12.7143,2.3087,0.034809,111.2127,159.8176,72.7816,0.219149,2.2331,3.9535,3.8718,3.8282,71,1705.7765
2521.0008,8271.0003,12.5,12.8393,2.3099,0.039932,111.0899,161.1987,70.524,0.218194,2.2303,3.9595,3.8794,3.8296,71,1707.616
2521.1532,8271.5003,12.5,12.7724,2.3091,0.0369,108.3183,158.7157,75.4973,0.222579,2.2603,3.8274,3.7609,3.729,71,1705.3785
2521.3056,8272.0003,12.5,12.7056,2.3083,0.033868,105.5468,156.2327,80.4706,0.226964,2.2903,3.6953,3.6424,3.6285,71,1703.1412
2521.458,8272.5003,12.5,12.6388,2.3075,0.030836,102.7752,153.7496,85.4439,0.231349,2.3203,3.5631,3.5239,3.5279,71,1700.9038
2521.6104,8273.0003,12.5,12.6105,2.3023,0.030029,102.6773,153.0444,85.4761,0.231356,2.3205,3.4859,3.4465,3.4445,71,1701.7927
2521.7628,8273.5003,12.5,12.5968,2.2954,0.03007,103.5965,153.0155,83.6286,0.229698,2.3092,3.4296,3.3847,3.3676,71,1703.871
2521.9152,8274.0003,12.5,12.5831,2.2885,0.030111,104.5157,152.9866,81.7811,0.228039,2.298,3.3732,3.3229,3.2907,71,1705.9493
2522.0676,8274.5003,12.5,12.5326,2.2789,0.028763,105.033,153.4278,81.0538,0.224393,2.2684,3.3267,3.2756,3.2346,71,1706.6765
2522.22,8275.0003,12.5,12.4361,2.2658,0.025675,105.0462,154.4587,81.7317,0.218255,2.2156,3.2927,3.2464,3.2047,71,1705.7087
2522.3724,8275.5003,12.5,12.3395,2.2528,0.022586,105.0593,155.4896,82.4096,0.212117,2.1628,3.2586,3.2171,3.1748,71,1704.741
2522.5248,8276.0003,12.5,12.2565,2.2438,0.020926,104.9407,156.8434,82.6651,0.206573,2.1166,3.2447,3.2057,3.1628,71,1702.214
2522.6772,8276.5003,12.5,12.2431,2.2558,0.026616,104.1442,159.8586,80.7468,0.204082,2.1042,3.3345,3.286,3.2425,71,1691.6637
2522.8296,8277.0003,12.5,12.2297,2.2679,0.032306,103.3478,162.8738,78.8286,0.201592,2.0917,3.4243,3.3664,3.3223,71,1681.1135
2522.982,8277.5003,12.5,12.2163,2.2799,0.037997,102.5514,165.889,76.9103,0.199102,2.0793,3.5141,3.4467,3.4021,71,1670.5632
2523.1344,8278.0003,12.5,12.2158,2.2804,0.033662,101.7371,165.1592,79.2969,0.197636,2.1095,3.3349,3.2875,3.2671,71,1668.0427
2523.2868,8278.5003,12.5,12.217,2.2793,0.027985,100.9205,163.9278,82.2599,0.196307,2.1454,3.1197,3.0962,3.1034,71,1666.5978
2523.4392,8279.0003,12.5,12.2183,2.2783,0.022308,100.1038,162.6965,85.223,0.194978,2.1813,2.9045,2.9049,2.9396,71,1665.1527
2523.5916,8279.5003,12.5,12.2199,2.26,0.021867,99.4089,161.319,85.983,0.197408,2.1916,2.766,2.76,2.7652,71,1669.6674
2523.744,8280.0003,12.5,12.2218,2.2302,0.024902,98.7947,159.8447,85.2806,0.202331,2.1848,2.6783,2.6461,2.5836,71,1678.1377
2523.8964,8280.5003,12.5,12.2236,2.2005,0.027937,98.1806,158.3703,84.5782,0.207255,2.1781,2.5907,2.5321,2.402,71,1686.6082
2524.0488,8281.0003,12.5,12.2253,2.1813,0.029024,97.9113,157.2701,84.0354,0.21282,2.178,2.5245,2.4456,2.2873,71,1692.1422
2524.2012,8281.5003,12.5,12.2266,2.1844,0.025976,98.3742,156.9642,83.8316,0.219746,2.192,2.5038,2.4173,2.3146,71,1691.4427
2524.3536,8282.0003,12.5,12.2278,2.1876,0.022928,98.8371,156.6583,83.6277,0.226672,2.2059,2.483,2.389,2.3419,71,1690.7433
2524.506,8282.5003,12.5,12.229,2.1901,0.01988,99.285,156.325,83.4905,0.233218,2.219,2.4616,2.3612,2.3672,71,1690.111
2524.6584,8283.0003,12.5,12.229,2.1762,0.016832,99.3669,155.3243,84.9783,0.23049,2.2085,2.4225,2.3431,2.3434,71,1691.1187
2524.8108,8283.5003,12.5,12.229,2.1623,0.013784,99.4489,154.3235,86.466,0.227762,2.198,2.3835,2.325,2.3196,71,1692.1263
2524.9632,8284.0003,12.5,12.229,2.1484,0.010736,99.5308,153.3228,87.9538,0.225034,2.1875,2.3444,2.3069,2.2957,71,1693.134
2525.1156,8284.5003,12.5,12.2813,2.2054,0.010021,99.8178,152.6015,86.8131,0.225399,2.562,2.3133,2.2813,2.2659,71,1701.3649
2525.268,8285.0003,12.5,12.3504,2.2851,0.010049,100.17,151.9693,84.8355,0.226748,3.059,2.2846,2.2534,2.2342,71,1711.8951
2525.4204,8285.5003,12.5,12.4194,2.3648,0.010077,100.5223,151.3371,82.858,0.228097,3.556,2.256,2.2255,2.2024,71,1722.4254
2525.5728,8286.0003,12.5,12.4873,2.4069,0.011534,100.3728,151.1421,81.4724,0.229309,3.81,2.291,2.2557,2.2285,71,1726.5388
2525.7252,8286.5003,12.5,12.5541,2.408,0.014554,99.6748,151.4249,80.7341,0.230369,3.7982,2.3958,2.3495,2.3178,71,1723.6361
2525.8776,8287.0003,12.5,12.6209,2.4091,0.017574,98.9767,151.7078,79.9957,0.231429,3.7865,2.5006,2.4433,2.4071,71,1720.7335
2526.03,8287.5003,12.5,12.6493,2.3966,0.02055,98.3205,151.8181,79.4185,0.231785,3.67,2.5621,2.4983,2.4625,71,1718.4027
2526.1824,8288.0003,12.5,12.5213,2.3285,0.023342,97.8352,151.2245,79.4985,0.229268,3.1264,2.4473,2.3948,2.3798,71,1718.4049
2526.3348,8288.5003,12.5,12.3933,2.2603,0.026134,97.3498,150.6308,79.5785,0.22675,2.5828,2.3325,2.2913,2.2971,71,1718.4071
2526.4872,8289.0003,12.5,12.2653,2.1921,0.028926,96.8645,150.0372,79.6585,0.224233,2.0392,2.2176,2.1879,2.2144,71,1718.4092
2526.6396,8289.5003,12.5,12.4112,2.1707,0.026603,98.9571,150.0906,80.157,0.222682,1.9531,2.1862,2.1539,2.1586,71,1723.2338
2526.792,8290.0003,12.5,12.5822,2.1535,0.023811,101.2861,150.2034,80.6939,0.22122,1.909,2.1624,2.1264,2.1053,71,1728.5005
2526.9444,8290.5003,12.5,12.7533,2.1363,0.021019,103.615,150.3162,81.2309,0.219758,1.8648,2.1387,2.0988,2.052,71,1733.7672
2527.0968,8291.0003,12.5,13.4772,2.1312,0.018711,106.441,150.5061,79.4254,0.220167,1.8502,2.1818,2.1413,2.0964,71,1739.9938
2527.2492,8291.5003,12.5,14.5186,2.1332,0.016683,109.5524,150.7403,76.2746,0.221651,1.8526,2.2633,2.224,2.1971,71,1746.7716
2527.4016,8292.0003,12.5,15.56,2.1351,0.014654,112.6638,150.9745,73.1238,0.223134,1.8549,2.3449,2.3067,2.2978,71,1753.5493
2527.554,8292.5003,12.5,15.9275,2.1378,0.013983,114.3571,150.8946,71.5387,0.223949,1.8477,2.3793,2.3419,2.3381,71,1753.6169
2527.7064,8293.0003,12.5,15.0671,2.1418,0.015786,113.4665,150.2424,72.8068,0.223548,1.8233,2.3279,2.2904,2.2685,71,1741.4572
2527.8588,8293.5003,12.5,14.2067,2.1458,0.017589,112.5759,149.5901,74.0749,0.223147,1.7989,2.2766,2.239,2.1988,71,1729.2974
2528.0112,8294.0003,12.5,13.3822,2.1497,0.019322,111.6984,148.8712,75.1549,0.22285,1.7798,2.2222,2.1846,2.1292,71,1717.3578
2528.1636,8294.5003,12.5,13.0117,2.1523,0.02018,110.9857,147.3109,73.8626,0.223857,1.8286,2.1303,2.0931,2.0591,71,1708.1959
2528.316,8295.0003,12.5,12.6411,2.1549,0.021038,110.273,145.7506,72.5703,0.224865,1.8773,2.0383,2.0017,1.9891,71,1699.0339
2528.4684,8295.5003,12.5,12.2706,2.1576,0.021896,109.5604,144.1904,71.278,0.225872,1.9261,1.9463,1.9102,1.9191,71,1689.8719
2528.6208,8296.0003,12.5,12.2258,2.1821,0.028753,106.8212,145.7341,73.9487,0.227209,2.0766,1.957,1.9226,1.9207,71,1683.6927
2528.7732,8296.5003,12.5,12.2661,2.2123,0.037179,103.552,148.0899,77.6559,0.228632,2.2538,1.9945,1.9621,1.941,71,1678.2936
2528.9256,8297.0003,12.5,12.3065,2.2426,0.045605,100.2827,150.4457,81.3632,0.230055,2.431,2.032,2.0017,1.9614,71,1672.8945
2529.078,8297.5003,12.5,12.3282,2.2964,0.043522,98.4647,154.5929,83.1522,0.237368,2.8295,1.9991,1.9779,1.9512,71,1672.4658
2529.2304,8298.0003,12.5,12.3321,2.3726,0.031416,98.0309,160.4488,83.1115,0.250299,3.4391,1.8992,1.8938,1.9119,71,1676.7781
2529.3828,8298.5003,12.5,12.3361,2.4489,0.01931,97.597,166.3047,83.0707,0.263231,4.0487,1.7993,1.8097,1.8727,71,1681.0903
2529.5352,8299.0003,12.5,12.3439,2.4936,0.010705,98.1079,170.4072,82.8219,0.274022,4.4543,1.7052,1.7254,1.8145,71.0046,1683.8354
2529.6876,8299.5003,12.5,12.3647,2.4334,0.013758,101.7643,168.6719,81.8805,0.277687,4.1804,1.6303,1.6406,1.6935,71.0244,1681.3634
2529.84,8300.0003,12.5,12.3854,2.3732,0.01681,105.4207,166.9366,80.9391,0.281352,3.9066,1.5553,1.5557,1.5724,71.0443,1678.8912
2529.9924,8300.5003,12.5,12.4062,2.313,0.019863,109.077,165.2013,79.9978,0.285017,3.6328,1.4804,1.4709,1.4514,71.0641,1676.4192
2530.1448,8301.0003,12.5,12.7134,2.3071,0.026735,110.3325,164.6075,74.04,0.27815,3.5886,1.4448,1.4271,1.3975,71.3358,1643.4336
2530.2972,8301.5003,12.5,13.0355,2.3041,0.033807,111.4621,164.0737,67.8189,0.27073,3.5565,1.4113,1.3855,1.3471,71.6208,1608.8466
2530.4496,8302.0003,12.5,13.3577,2.3011,0.04088,112.5916,163.5399,61.5978,0.263311,3.5244,1.3778,1.3438,1.2967,71.9058,1574.2595
2530.602,8302.5003,12.5,13.7789,2.3148,0.039739,112.4989,162.2021,60.5004,0.26233,3.6009,1.4007,1.3651,1.3167,72,1655.2059
2530.7544,8303.0003,12.5,14.2491,2.3367,0.03454,111.8023,160.4671,61.9347,0.264531,3.7311,1.4515,1.4174,1.3715,72,1793.2395
2530.9068,8303.5003,12.5,14.7192,2.3585,0.02934,111.1058,158.732,63.3691,0.266732,3.8613,1.5023,1.4696,1.4263,72,1931.2732
2531.0592,8304.0003,12.5,15.1125,2.3776,0.029871,110.7849,156.9373,64.5242,0.265238,3.9856,1.5626,1.5297,1.4839,72,2003.5328
2531.2116,8304.5003,12.5,15.3846,2.3923,0.039423,111.0555,155.0487,65.2397,0.257925,4.1008,1.6377,1.602,1.5456,72,1972.2429
2531.364,8305.0003,12.5,15.6568,2.4069,0.048976,111.3261,153.1601,65.9553,0.250613,4.216,1.7129,1.6743,1.6074,72,1940.9531
2531.5164,8305.5003,12.5,15.9192,2.4176,0.057725,111.6442,151.7258,66.5932,0.245812,4.2788,1.7782,1.7372,1.6616,72,1910.0914
2531.6688,8306.0003,12.5,16.1005,2.3949,0.059821,112.3568,154.0592,66.5873,0.261835,3.9071,1.7616,1.7229,1.6536,72,1882.7802
2531.8212,8306.5003,12.5,16.2817,2.3722,0.061916,113.0695,156.3925,66.5814,0.277858,3.5354,1.7451,1.7086,1.6456,72,1855.469
2531.9736,8307.0003,12.5,16.463,2.3496,0.064012,113.7821,158.7259,66.5755,0.293881,3.1638,1.7285,1.6944,1.6376,72,1828.1578
2532.126,8307.5003,12.5,16.2082,2.357,0.05317,112.3304,160.3546,67.9813,0.28721,2.9316,2.0311,1.9819,1.9608,72,1792.6876
2532.2784,8308.0003,12.5,15.862,2.3707,0.039616,110.4252,161.8358,69.6829,0.275785,2.7287,2.4006,2.3327,2.3533,72,1755.5079
2532.4308,8308.5003,12.5,15.5157,2.3844,0.026063,108.5201,163.317,71.3846,0.26436,2.5258,2.7701,2.6836,2.7458,72,1718.3282
2532.5832,8309.0003,12.5,14.8966,2.3885,0.019918,105.3846,163.9499,82.4501,0.256218,2.4128,2.9467,2.8742,2.944,72,1700.6533
2532.7356,8309.5003,12.5,14.0503,2.3844,0.019935,101.2258,163.8772,101.304,0.250808,2.3747,2.963,2.9315,2.9808,72,1699.2009
2532.888,8310.0003,12.5,13.2041,2.3803,0.019952,97.067,163.8046,120.1579,0.245399,2.3365,2.9794,2.9889,3.0176,72,1697.7485
2533.0404,8310.5003,12.5,12.6154,2.3784,0.019185,94.7352,163.5163,131.1353,0.242674,2.3118,3.0168,3.0468,3.0569,72,1696.4602
2533.1928,8311.0003,12.5,12.7409,2.3823,0.016244,97.4682,162.63,120.2767,0.247396,2.3245,3.1129,3.1064,3.1031,72,1695.6268
2533.3452,8311.5003,12.5,12.8663,2.3862,0.013303,100.2013,161.7438,109.4182,0.252117,2.3371,3.209,3.1659,3.1494,72,1694.7935
2533.4976,8312.0003,12.5,12.9918,2.3901,0.010361,102.9343,160.8576,98.5596,0.256838,2.3498,3.305,3.2254,3.1956,72,1693.9602
2533.65,8312.5003,12.5,12.9773,2.3942,0.01622,103.838,162.4383,92.4646,0.249041,2.3702,3.2603,3.1941,3.1731,72,1699.2555
2533.8024,8313.0003,12.5,12.9606,2.3984,0.02222,104.7124,164.0585,86.4459,0.241044,2.3908,3.2134,3.1613,3.1494,72,1704.6489
2533.9548,8313.5003,12.5,12.9439,2.4025,0.02822,105.5869,165.6787,80.4272,0.233047,2.4114,3.1664,3.1285,3.1258,72,1710.0424
2534.1072,8314.0003,12.5,12.8362,2.388,0.027856,104.865,165.7133,79.1593,0.229297,2.3695,3.0989,3.0553,3.0497,72,1709.7142
2534.2596,8314.5003,12.5,12.6901,2.3656,0.024808,103.4701,165.0795,79.8945,0.227338,2.3012,3.0228,2.9651,2.9515,72,1706.9736
2534.412,8315.0003,12.5,12.5439,2.3432,0.02176,102.0752,164.4456,80.6297,0.225379,2.2329,2.9466,2.8749,2.8533,72,1704.2332
2534.5644,8315.5003,12.5,12.4802,2.3377,0.01983,101.3578,161.7235,81.6731,0.225579,2.2105,2.9457,2.8648,2.8379,72,1702.7207
2534.7168,8316.0003,12.5,12.5292,2.3552,0.019428,101.5662,156.1478,83.1375,0.22873,2.2509,3.0478,2.9641,2.9355,72,1702.8865
2534.8692,8316.5003,12.5,12.5781,2.3727,0.019027,101.7746,150.5721,84.6019,0.23188,2.2913,3.1499,3.0634,3.0331,72,1703.0522
2535.0216,8317.0003,12.5,12.6551,2.3964,0.01831,101.8656,146.4729,86.2812,0.233695,2.3893,3.2523,3.1683,3.1404,72,1705.1058
2535.174,8317.5003,12.5,12.9016,2.4575,0.015688,101.2462,151.3149,89.2617,0.227419,2.8363,3.3568,3.3068,3.3058,72,1718.5917
2535.3264,8318.0003,12.5,13.148,2.5187,0.013067,100.6267,156.1569,92.2422,0.221143,3.2833,3.4614,3.4453,3.4713,72,1732.0776
2535.4788,8318.5003,12.5,13.3945,2.5799,0.010445,100.0073,160.9989,95.2228,0.214867,3.7302,3.5659,3.5838,3.6367,72,1745.5635
2535.6312,8319.0003,12.5,13.1293,2.5291,0.014179,98.4421,163.1253,95.5022,0.216981,3.3951,3.3974,3.398,3.4411,71.891,1736.5063
2535.7836,8319.5003,12.5,12.7815,2.4601,0.01894,96.7241,164.8129,95.3452,0.22045,2.9337,3.1848,3.1599,3.1872,71.7644,1723.8065
2535.936,8320.0003,12.5,12.4336,2.3912,0.023701,95.0061,166.5005,95.1882,0.223919,2.4722,2.9721,2.9218,2.9333,71.6377,1711.1068
2536.0884,8320.5003,12.5,12.2754,2.3513,0.02646,94.32,166.4401,95.7942,0.226525,2.2525,2.7984,2.734,2.725,71.4812,1708.4305
2536.2408,8321.0003,12.5,12.2544,2.3323,0.027771,94.381,165.1143,96.9526,0.228506,2.2078,2.653,2.5826,2.5498,71.303,1713.011
2536.3932,8321.5003,12.5,12.2334,2.3133,0.029082,94.442,163.7886,98.111,0.230487,2.1632,2.5076,2.4311,2.3747,71.1249,1717.5916
2536.5456,8322.0003,12.5,12.2174,2.3064,0.029104,94.5228,162.7884,98.9687,0.233435,2.1427,2.415,2.3335,2.2607,71,1720.2054
2536.698,8322.5003,12.5,12.213,2.3277,0.026108,94.6498,162.5508,99.1223,0.238647,2.1791,2.4464,2.3618,2.2903,71,1718.2134
2536.8504,8323.0003,12.5,12.2086,2.349,0.023112,94.7769,162.3132,99.2758,0.24386,2.2154,2.4777,2.3901,2.3199,71,1716.2213
2537.0028,8323.5003,12.5,12.2043,2.37,0.020227,94.8842,162.064,99.439,0.248805,2.2519,2.5092,2.419,2.3506,71,1714.261
2537.1552,8324.0003,12.5,12.2049,2.3706,0.023222,93.9322,161.1938,100.1195,0.23945,2.2959,2.5475,2.4782,2.4422,71,1713.9919
2537.3076,8324.5003,12.5,12.2055,2.3713,0.026218,92.9803,160.3235,100.8,0.230095,2.3399,2.5858,2.5373,2.5338,71,1713.723
2537.46,8325.0003,12.5,12.206,2.372,0.029214,92.0283,159.4533,101.4806,0.220741,2.3839,2.624,2.5965,2.6254,71,1713.454
2537.6124,8325.5003,12.5,12.3024,2.3763,0.03,92.748,157.2039,100.2707,0.221214,2.4073,2.6225,2.6052,2.6353,71,1712.1649
2537.7648,8326.0003,12.5,12.433,2.382,0.03,94.0626,154.4637,98.3881,0.225185,2.4234,2.6068,2.596,2.6162,71,1710.5128
2537.9172,8326.5003,12.5,12.5636,2.3876,0.03,95.3772,151.7235,96.5054,0.229155,2.4395,2.5911,2.5868,2.597,71,1708.8606
2538.0696,8327.0003,12.5,12.5712,2.3867,0.029739,95.8994,149.983,95.7109,0.229359,2.4318,2.6217,2.6138,2.6222,71,1707.9327
2538.222,8327.5003,12.5,12.4328,2.3779,0.029167,95.479,149.432,96.2109,0.22508,2.3958,2.7074,2.684,2.7002,71,1707.8665
2538.3744,8328.0003,12.5,12.2943,2.3691,0.028596,95.0586,148.8809,96.7109,0.220801,2.3597,2.7931,2.7541,2.7782,71,1707.8002
2538.5268,8328.5003,12.5,12.1802,2.3623,0.027622,94.3805,148.4122,97.8556,0.217193,2.3439,2.8564,2.8072,2.8371,71,1706.526
2538.6792,8329.0003,12.5,12.1803,2.3648,0.024765,92.4943,148.33,102.022,0.216728,2.4232,2.8149,2.7807,2.8062,71,1699.5914
2538.8316,8329.5003,12.5,12.1804,2.3673,0.021907,90.6081,148.2477,106.1884,0.216264,2.5024,2.7734,2.7543,2.7754,71,1692.6569
2538.984,8330.0003,12.5,12.1806,2.3697,0.01905,88.7219,148.1654,110.3548,0.215799,2.5817,2.7319,2.7278,2.7445,71,1685.7223
2539.1364,8330.5003,12.5,12.1868,2.3645,0.017429,90.8981,148.0026,106.5488,0.215177,2.4778,2.7032,2.6932,2.7165,71,1692.5735
2539.2888,8331.0003,12.5,12.1938,2.3584,0.015953,93.5508,147.8303,101.8076,0.214538,2.3524,2.676,2.6576,2.6888,71,1701.0417
2539.4412,8331.5003,12.5,12.2007,2.3524,0.014477,96.2035,147.658,97.0665,0.213898,2.2271,2.6489,2.6221,2.6611,71,1709.51
2539.5936,8332.0003,12.5,12.2034,2.3519,0.015055,98.4563,147.9227,94.5339,0.21794,2.2114,2.6344,2.6056,2.6373,71,1711.2915
2539.746,8332.5003,12.5,12.2034,2.3549,0.016922,100.4578,148.4619,93.3886,0.224924,2.2646,2.6278,2.6011,2.6159,71,1708.8723
2539.8984,8333.0003,12.5,12.2034,2.358,0.01879,102.4594,149.0012,92.2433,0.231908,2.3177,2.6213,2.5965,2.5945,71,1706.4531
2540.0508,8333.5003,12.5,12.2034,2.362,0.021048,103.4648,149.1165,91.1225,0.234781,2.3656,2.6332,2.6042,2.5941,71,1702.2058
2540.2032,8334.0003,12.5,12.2034,2.3681,0.024085,102.4776,148.3843,90.0506,0.229434,2.4029,2.6819,2.6362,2.6357,71,1694.3022
2540.3556,8334.5003,12.5,12.2034,2.3742,0.027122,101.4904,147.652,88.9787,0.224087,2.4402,2.7306,2.6683,2.6773,71,1686.3986
2540.508,8335.0003,12.5,12.203,2.38,0.02996,100.4888,146.909,88.1136,0.219574,2.4739,2.7782,2.7014,2.7197,71,1679.0239
2540.6604,8335.5003,12.5,12.1952,2.381,0.029205,99.2268,145.9719,90.9811,0.230129,2.4445,2.8056,2.7527,2.776,71,1681.1962
2540.8128,8336.0003,12.5,12.1874,2.382,0.028449,97.9649,145.0348,93.8487,0.240684,2.4151,2.833,2.804,2.8323,71,1683.3684
2540.9652,8336.5003,12.5,12.1797,2.383,0.027694,96.7029,144.0977,96.7162,0.251239,2.3857,2.8604,2.8553,2.8886,71,1685.5406
2541.1176,8337.0003,12.5,12.1779,2.3766,0.022336,95.9594,145.3851,97.9176,0.24833,2.4491,2.8174,2.8152,2.8429,71,1684.4465
2541.27,8337.5003,12.5,12.1779,2.368,0.015617,95.3691,147.3307,98.6258,0.241436,2.5399,2.7536,2.7481,2.7669,71,1682.386
2541.4224,8338.0003,12.5,12.1779,2.3594,0.008897,94.7789,149.2764,99.3341,0.234542,2.6306,2.6898,2.681,2.6909,71,1680.3254
2541.5748,8338.5003,12.5,12.1779,2.3486,0.007633,94.8051,150.8029,99.7846,0.230976,2.6042,2.6354,2.6206,2.6218,71,1683.7046
2541.7272,8339.0003,12.5,12.1779,2.3354,0.012028,95.4709,151.8944,99.9677,0.230864,2.4563,2.5908,2.567,2.5599,71,1692.7271
2541.8796,8339.5003,12.5,12.1779,2.3223,0.016423,96.1366,152.9859,100.1508,0.230752,2.3083,2.5463,2.5135,2.498,71,1701.7495
2542.032,8340.0003,12.5,12.1779,2.3101,0.0199,96.6676,153.6736,100.3524,0.23022,2.1876,2.5024,2.4622,2.4412,71,1708.0699
2542.1844,8340.5003,12.5,12.1779,2.3017,0.019928,96.6914,152.842,100.6236,0.228104,2.1695,2.461,2.4197,2.4037,71,1704.2234
2542.3368,8341.0003,12.5,12.1779,2.2933,0.019955,96.7152,152.0103,100.8947,0.225989,2.1513,2.4196,2.3772,2.3661,71,1700.377
2542.4892,8341.5003,12.5,12.1779,2.2849,0.019983,96.7391,151.1786,101.1659,0.223874,2.1332,2.3782,2.3347,2.3286,71,1696.5304
2542.6416,8342.0003,12.5,12.1779,2.3488,0.011534,97.2872,150.6122,101.1848,0.229798,2.5384,2.6254,2.5653,2.555,71,1702.4891
2542.794,8342.5003,12.5,12.1779,2.4182,0.00244,97.8752,150.066,101.1846,0.236336,2.976,2.8946,2.8167,2.8015,71,1709.1958
2542.9464,8343.0003,12.5,12.1779,2.4876,-0.006655,98.4633,149.5199,101.1843,0.242874,3.4135,3.1637,3.0682,3.0479,71,1715.9025
2543.0988,8343.5003,12.5,12.1811,2.4839,-0.001238,98.663,149.1285,101.7487,0.242429,3.3491,3.0972,3.016,2.9949,71,1719.4415
2543.2512,8344.0003,12.5,12.186,2.4407,0.012053,98.652,148.821,102.6194,0.238197,3.0123,2.8485,2.7991,2.7794,71,1721.2621
2543.4036,8344.5003,12.5,12.1909,2.3974,0.025343,98.641,148.5136,103.4901,0.233965,2.6755,2.5998,2.5822,2.5638,71,1723.0828
2543.556,8345.0003,12.5,12.195,2.3756,0.033213,98.3105,148.2676,103.6704,0.235578,2.47,2.4419,2.4365,2.4202,71,1723.3247
2543.7084,8345.5003,12.5,12.1975,2.391,0.031752,97.4297,148.1273,102.6621,0.247255,2.4906,2.4403,2.4134,2.4002,71,1720.849
2543.8608,8346.0003,12.5,12.2,2.4063,0.030291,96.549,147.987,101.6539,0.258932,2.5111,2.4387,2.3903,2.3803,71,1718.3733
2544.0132,8346.5003,12.5,12.2017,2.4193,0.02893,95.7259,147.8576,100.696,0.26891,2.5247,2.4379,2.3708,2.3648,71,1715.7778
2544.1656,8347.0003,12.5,12.1942,2.4076,0.028636,95.5103,147.8428,100.2697,0.260985,2.4649,2.4451,2.3903,2.3956,71,1711.9186
2544.318,8347.5003,12.5,12.1868,2.3959,0.028341,95.2947,147.8279,99.8433,0.25306,2.4051,2.4523,2.4098,2.4264,71,1708.0594
2544.4704,8348.0003,12.5,12.1793,2.3842,0.028047,95.0791,147.8131,99.4169,0.245135,2.3453,2.4594,2.4293,2.4573,71,1704.2002
2544.6228,8348.5003,12.5,12.1824,2.415,0.023551,95.7546,148.1349,96.7488,0.244721,2.4483,2.5484,2.5191,2.5331,71,1707.9102
2544.7752,8349.0003,12.5,12.1879,2.456,0.018042,96.6449,148.5378,93.5404,0.246119,2.5906,2.6571,2.6259,2.6197,71,1713.4446
2544.9276,8349.5003,12.5,12.1935,2.497,0.012533,97.5352,148.9408,90.332,0.247516,2.7328,2.7658,2.7326,2.7064,71,1718.979
2545.08,8350.0003,12.5,12.1932,2.4911,0.012729,98.6222,149.1938,89.0846,0.245619,2.7231,2.795,2.7664,2.7416,71,1718.6903
2545.2324,8350.5003,12.5,12.1876,2.4426,0.018089,99.8873,149.311,89.6122,0.240741,2.5759,2.7524,2.7341,2.7301,71,1713.132
2545.3848,8351.0003,12.5,12.1821,2.3941,0.023449,101.1523,149.4283,90.1397,0.235863,2.4288,2.7097,2.7019,2.7187,71,1707.5735
2545.5372,8351.5003,12.5,12.1798,2.3635,0.027639,102.1181,149.4991,90.0249,0.231343,2.3274,2.7138,2.7037,2.7267,71,1703.7347
2545.6896,8352.0003,12.5,12.1876,2.3883,0.028211,102.1573,149.4257,87.921,0.227935,2.368,2.8626,2.8112,2.7951,71,1705.2216
2545.842,8352.5003,12.5,12.1953,2.4131,0.028782,102.1965,149.3523,85.817,0.224527,2.4086,3.0114,2.9186,2.8635,71,1706.7084
2545.9944,8353.0003,12.5,12.2031,2.4378,0.029354,102.2358,149.279,83.7131,0.221119,2.4491,3.1602,3.0261,2.9319,71,1708.1951
2546.1468,8353.5003,12.5,12.1959,2.4186,0.029535,100.0861,149.3813,90.5588,0.225301,2.4597,3.0633,2.9607,2.8932,71.0954,1708.1371
2546.2992,8354.0003,12.5,12.1881,2.3976,0.029701,97.853,149.4902,97.7459,0.229773,2.4692,2.957,2.8887,2.8505,71.1944,1708.0201
2546.4516,8354.5003,12.5,12.1804,2.3767,0.029868,95.6198,149.5992,104.933,0.234244,2.4786,2.8508,2.8167,2.8077,71.2934,1707.9031
2546.604,8355.0003,12.5,12.1779,2.3746,0.027857,95.4616,150.0457,106.1876,0.231979,2.4619,2.8314,2.7968,2.7941,71.4653,1708.8037
2546.7564,8355.5003,12.5,12.1779,2.3812,0.024833,96.269,150.6492,104.6814,0.22658,2.4331,2.8523,2.8012,2.7941,71.6711,1710.1777
2546.9088,8356.0003,12.5,12.1779,2.3879,0.02181,97.0764,151.2526,103.1751,0.22118,2.4042,2.8733,2.8055,2.794,71.8769,1711.5519
2547.0612,8356.5003,12.5,12.1781,2.3941,0.021065,97.4659,151.8444,102.653,0.220587,2.4011,2.8686,2.7964,2.7848,72,1717.0765
2547.2136,8357.0003,12.5,12.1786,2.3996,0.023716,97.2329,152.4187,103.5974,0.227157,2.4364,2.8258,2.7673,2.7619,72,1728.7864
2547.366,8357.5003,12.5,12.179,2.4051,0.026368,96.9999,152.993,104.5417,0.233726,2.4717,2.783,2.7382,2.739,72,1740.4963
2547.5184,8358.0003,12.5,12.1794,2.4094,0.028747,96.6531,153.4897,105.0187,0.239087,2.5005,2.7473,2.7136,2.7184,72,1748.9379
2547.6708,8358.5003,12.5,12.1789,2.4043,0.029143,95.4777,153.4221,102.0918,0.23564,2.4825,2.7632,2.7212,2.7137,72,1733.5775
2547.8232,8359.0003,12.5,12.1784,2.3993,0.02954,94.3023,153.3545,99.1649,0.232194,2.4645,2.7792,2.7289,2.7091,72,1718.2173
2547.9756,8359.5003,12.5,12.178,2.3942,0.029937,93.127,153.2869,96.238,0.228747,2.4466,2.7952,2.7365,2.7044,72,1702.8569
2548.128,8360.0003,12.5,12.1779,2.4135,0.03,92.0718,153.2136,98.6523,0.232417,2.448,2.8986,2.8338,2.7981,72,1702.7277
2548.2804,8360.5003,12.5,12.1779,2.4374,0.03,91.0396,153.1391,102.0849,0.237444,2.4532,3.0188,2.9483,2.9105,72,1705.5017
2548.4328,8361.0003,12.5,12.1779,2.4613,0.03,90.0073,153.0647,105.5174,0.242471,2.4583,3.1389,3.0627,3.0229,72,1708.2758
2548.5852,8361.5003,12.5,12.1779,2.4742,0.029526,90.5189,153.7336,106.8801,0.241059,2.4715,3.2203,3.1503,3.1209,72,1711.7095
2548.7376,8362.0003,12.5,12.1779,2.4783,0.028678,92.2482,154.989,106.6104,0.234568,2.4909,3.2712,3.2169,3.2074,72,1715.6635
2548.89,8362.5003,12.5,12.1779,2.4825,0.02783,93.9774,156.2444,106.3406,0.228077,2.5104,3.322,3.2834,3.2939,72,1719.6174
2549.0424,8363.0003,12.5,12.1779,2.4824,0.027454,95.1449,157.0428,105.8639,0.224063,2.5427,3.3605,3.3355,3.3558,72,1724.3269
2549.1948,8363.5003,12.5,12.1779,2.4716,0.028302,94.855,156.6558,104.8503,0.226473,2.6084,3.367,3.3503,3.3538,72,1730.9963
2549.3472,8364.0003,12.5,12.1779,2.4608,0.02915,94.565,156.2688,103.8368,0.228883,2.6741,3.3735,3.3652,3.3519,72,1737.6658
2549.4996,8364.5003,12.5,12.1779,2.45,0.029998,94.2751,155.8818,102.8232,0.231294,2.7398,3.38,3.38,3.35,72,1744.3352
2549.652,8365.0003,12.5,12.1801,2.4379,0.027861,94.1083,155.5326,101.5986,0.229466,2.6161,3.1915,3.18,3.1455,72,1730.5388
2549.8044,8365.5003,12.5,12.1823,2.4257,0.025716,93.9418,155.1836,100.3735,0.227628,2.4919,3.0025,2.9795,2.9404,72,1716.6885
2549.9568,8366.0003,12.5,12.1845,2.4136,0.023571,93.7753,154.8345,99.1483,0.22579,2.3676,2.8134,2.7789,2.7353,72,1702.8383
2550.1092,8366.5003,12.5,12.1876,2.4072,0.0245,93.7828,154.6284,98.0437,0.232063,2.365,2.7494,2.7012,2.6598,72,1702.3088
2550.2616,8367.0003,12.5,12.1909,2.4032,0.026645,93.859,154.4788,96.9868,0.241547,2.4106,2.7348,2.672,2.6355,72,1707.0491
2550.414,8367.5003,12.5,12.1943,2.3992,0.02879,93.9353,154.3292,95.9299,0.25103,2.4562,2.7201,2.6427,2.6112,72,1711.7893
2550.5664,8368.0003,12.5,12.1986,2.4041,0.031328,93.7564,153.9931,95.475,0.254621,2.4964,2.735,2.6553,2.6324,72,1714.319
2550.7188,8368.5003,12.5,12.2041,2.4206,0.034376,93.2471,153.4155,95.7999,0.250582,2.5298,2.7881,2.7219,2.7125,72,1713.9855
2550.8712,8369.0003,12.5,12.2096,2.4372,0.037424,92.7377,152.8378,96.1249,0.246542,2.5632,2.8411,2.7885,2.7927,72,1713.652
2551.0236,8369.5003,12.5,12.2145,2.4487,0.039528,92.1592,152.2298,96.4881,0.24198,2.5816,2.883,2.8419,2.8557,72,1713.2324
2551.176,8370.0003,12.5,12.2162,2.4331,0.03648,91.2034,151.4564,97.0607,0.234565,2.5188,2.8641,2.8229,2.8251,72,1712.3429
2551.3284,8370.5003,12.5,12.218,2.4176,0.033432,90.2476,150.6829,97.6332,0.227151,2.456,2.8452,2.804,2.7945,72,1711.4534
2551.4808,8371.0003,12.5,12.2197,2.402,0.030384,89.2918,149.9095,98.2057,0.219736,2.3932,2.8263,2.785,2.7639,72,1710.5638
2551.6332,8371.5003,12.5,12.2141,2.4,0.032643,88.9253,149.644,98.5597,0.225072,2.4196,2.8415,2.7979,2.7781,72,1709.481
2551.7856,8372.0003,12.5,12.2075,2.4,0.035667,88.6437,149.4518,98.8823,0.232245,2.4588,2.8615,2.8153,2.7987,72,1708.3701
2551.938,8372.5003,12.5,12.2008,2.4,0.038691,88.3622,149.2596,99.2048,0.239419,2.4981,2.8816,2.8327,2.8193,72,1707.2593
2552.0904,8373.0003,12.5,12.1991,2.4,0.038144,87.4774,149.2156,99.8572,0.245497,2.5059,2.8892,2.8391,2.8251,72,1701.0009
2552.2428,8373.5003,12.5,12.2007,2.3999,0.035149,86.1789,149.2732,100.7357,0.250824,2.4922,2.8881,2.8381,2.8207,72,1691.212
2552.3952,8374.0003,12.5,12.2023,2.3998,0.032153,84.8805,149.3309,101.6142,0.256151,2.4784,2.8871,2.8371,2.8163,72,1681.4232
2552.5476,8374.5003,12.5,12.201,2.3923,0.029133,84.4409,149.1901,101.6088,0.256509,2.4439,2.8644,2.8162,2.7935,72,1677.7771
2552.7,8375.0003,12.5,12.1934,2.3682,0.026056,85.8921,148.6125,99.6574,0.245925,2.3635,2.7938,2.7516,2.7299,72,1687.6555
2552.8524,8375.5003,12.5,12.1858,2.3442,0.02298,87.3434,148.0349,97.7061,0.235342,2.2832,2.7233,2.687,2.6664,72,1697.5338
2553.0048,8376.0003,12.5,12.1788,2.3217,0.020071,88.7796,147.4778,95.826,0.225042,2.2066,2.6575,2.6265,2.607,72,1707.2067
2553.1572,8376.5003,12.5,12.1903,2.3464,0.022329,89.7527,147.5519,96.1389,0.223437,2.2463,2.7365,2.6914,2.6757,72,1710.5593
2553.3096,8377.0003,12.5,12.2018,2.3711,0.024586,90.7259,147.6261,96.4519,0.221832,2.2861,2.8154,2.7563,2.7445,72,1713.9119
2553.462,8377.5003,12.5,12.2133,2.3958,0.026844,91.699,147.7002,96.7648,0.220227,2.3258,2.8943,2.8211,2.8132,72,1717.2645
2553.6144,8378.0003,12.5,12.2205,2.3891,0.027981,91.9351,147.3513,97.892,0.221173,2.308,2.8016,2.739,2.7299,72,1711.917
2553.7668,8378.5003,12.5,12.2262,2.3719,0.028747,91.9264,146.8619,99.2896,0.222967,2.2712,2.6518,2.608,2.5961,72,1703.6794
2553.9192,8379.0003,12.5,12.232,2.3546,0.029512,91.9177,146.3725,100.6872,0.224761,2.2343,2.5021,2.477,2.4623,72,1695.442
2554.0716,8379.5003,12.5,12.2322,2.3561,0.027346,91.7668,145.7399,101.1172,0.226247,2.2738,2.4965,2.4713,2.4568,72,1695.5546
2554.224,8380.0003,12.5,12.2263,2.3788,0.021871,91.4556,144.9458,100.4552,0.227384,2.3994,2.6537,2.6068,2.5961,72,1705.0901
2554.3764,8380.5003,12.5,12.2203,2.4015,0.016395,91.1443,144.1516,99.7932,0.228522,2.5251,2.8109,2.7423,2.7354,72,1714.6256
2554.5288,8381.0003,12.5,12.2148,2.4153,0.01247,90.9766,143.5932,99.4522,0.227475,2.6038,2.9264,2.8442,2.8394,72,1722.7289
2554.6812,8381.5003,12.5,12.2111,2.3914,0.0152,91.4249,144.0464,100.4888,0.217051,2.4811,2.8629,2.8015,2.7916,72,1724.6857
2554.8336,8382.0003,12.5,12.2074,2.3675,0.017929,91.8731,144.4996,101.5254,0.206627,2.3583,2.7994,2.7588,2.7439,72,1726.6423
2554.986,8382.5003,12.5,12.2037,2.3436,0.020658,92.3214,144.9528,102.562,0.196203,2.2356,2.7358,2.7162,2.6962,72,1728.599
2555.1384,8383.0003,12.5,12.2149,2.3597,0.023425,92.296,146.2243,101.8594,0.202488,2.2871,2.7611,2.7283,2.7072,72,1723.8291
2555.2908,8383.5003,12.5,12.2276,2.3798,0.026196,92.2228,147.5785,100.9808,0.210464,2.3563,2.7954,2.7458,2.7242,72,1718.3785
2555.4432,8384.0003,12.5,12.2403,2.4,0.028967,92.1495,148.9328,100.1023,0.21844,2.4255,2.8297,2.7634,2.7412,72,1712.9281
2555.5956,8384.5003,12.5,12.2404,2.4106,0.029978,92.5191,149.373,99.3765,0.22232,2.4811,2.8472,2.7822,2.7621,72,1715.963
2555.748,8385.0003,12.5,12.2331,2.4155,0.029943,93.152,149.2701,98.7414,0.223768,2.5288,2.8546,2.8016,2.7853,72,1724.0393
2555.9004,8385.5003,12.5,12.2259,2.4204,0.029908,93.7848,149.1672,98.1063,0.225215,2.5764,2.8621,2.8211,2.8085,72,1732.1156
2556.0528,8386.0003,12.5,12.2191,2.4304,0.028842,94.6834,149.0828,97.2396,0.227361,2.6598,2.8822,2.852,2.8409,72,1736.0817
2556.2052,8386.5003,12.5,12.2132,2.4503,0.025829,96.0836,149.0332,95.9359,0.230826,2.8105,2.9262,2.9047,2.8908,72,1732.2946
2556.3576,8387.0003,12.5,12.2072,2.4701,0.022815,97.4838,148.9836,94.6323,0.234291,2.9612,2.9701,2.9574,2.9407,72,1728.5073
2556.51,8387.5003,12.5,12.2025,2.487,0.0202,98.7036,148.9415,93.5872,0.237436,3.0916,3.0047,2.9997,2.9803,72,1724.7926
2556.6624,8388.0003,12.5,12.2144,2.4625,0.023248,97.355,149.0072,96.2241,0.236039,2.931,2.9057,2.8935,2.8728,72,1722.111
2556.8148,8388.5003,12.5,12.2263,2.4379,0.026296,96.0064,149.0728,98.861,0.234641,2.7705,2.8066,2.7874,2.7654,72,1719.4293
2556.9672,8389.0003,12.5,12.2382,2.4134,0.029344,94.6578,149.1384,101.4978,0.233243,2.6099,2.7076,2.6812,2.6579,72,1716.7476
2557.1196,8389.5003,12.5,12.2318,2.4038,0.03,94.7156,149.0505,98.3648,0.234104,2.5334,2.6477,2.6169,2.5954,72,1714.0275
2557.272,8390.0003,12.5,12.2204,2.3983,0.03,95.1591,148.9205,93.6493,0.235585,2.48,2.5985,2.5641,2.5451,72,1711.2969
2557.4244,8390.5003,12.5,12.2091,2.3927,0.03,95.6026,148.7905,88.9338,0.237066,2.4265,2.5494,2.5112,2.4949,72,1708.5663
2557.5768,8391.0003,12.5,12.2043,2.3965,0.028803,95.8032,148.8601,87.9898,0.237466,2.4027,2.5846,2.5421,2.5266,72,1708.4607
2557.7292,8391.5003,12.5,12.206,2.4093,0.026428,95.7649,149.1261,90.7583,0.236803,2.408,2.7029,2.6553,2.6388,72,1710.9391
2557.8816,8392.0003,12.5,12.2078,2.4221,0.024053,95.7265,149.3921,93.5268,0.23614,2.4134,2.8213,2.7686,2.7511,72,1713.4175
2558.034,8392.5003,12.5,12.2071,2.4321,0.022693,95.7656,149.7597,95.8825,0.235721,2.4238,2.9134,2.8584,2.8411,72,1715.0095
2558.1864,8393.0003,12.5,12.198,2.4323,0.024869,96.0744,150.4813,96.8007,0.23615,2.4517,2.9142,2.8668,2.8536,72,1713.5153
2558.3388,8393.5003,12.5,12.189,2.4324,0.027045,96.3832,151.2029,97.719,0.236579,2.4796,2.9151,2.8752,2.8662,72,1712.0211
2558.4912,8394.0003,12.5,12.1799,2.4326,0.029222,96.6919,151.9245,98.6372,0.237009,2.5076,2.9159,2.8835,2.8787,72,1710.5269
2558.6436,8394.5003,12.5,12.179,2.4453,0.024789,95.6203,151.7829,98.9884,0.237662,2.5991,3.0385,2.9976,2.9895,72,1718.1814
2558.796,8395.0003,12.5,12.1785,2.4587,0.019951,94.464,151.5885,99.3049,0.23833,2.6945,3.1686,3.1181,3.1063,72,1726.3965
2558.9484,8395.5003,12.5,12.1781,2.4722,0.015113,93.3078,151.394,99.6214,0.238997,2.7898,3.2986,3.2386,3.2231,72,1734.6117
2559.1008,8396.0003,12.5,12.1779,2.4705,0.014811,92.1267,151.2834,100.3169,0.239745,2.7746,3.2828,3.2212,3.2027,72,1733.4561
2559.2532,8396.5003,12.5,12.1779,2.4612,0.016832,90.933,151.2158,101.2065,0.240533,2.7027,3.1922,3.1332,3.1119,72,1727.5037
2559.4056,8397.0003,12.5,12.1779,2.4519,0.018853,89.7393,151.1481,102.096,0.241322,2.6308,3.1016,3.0452,3.0211,72,1721.5511
2559.558,8397.5003,12.5,12.1779,2.4477,0.018933,88.9038,150.9459,102.0486,0.240499,2.6061,3.073,3.0101,2.9751,72,1716.493
2559.7104,8398.0003,12.5,12.1779,2.452,0.015853,88.6514,150.5248,100.4763,0.237051,2.6583,3.1452,3.0609,3.0018,72,1712.8909
2559.8628,8398.5003,12.5,12.1779,2.4562,0.012773,88.3989,150.1037,98.904,0.233604,2.7105,3.2175,3.1117,3.0285,72,1709.2887
2560.0152,8399.0003,12.5,12.1779,2.4602,0.010608,88.2281,149.7811,97.7009,0.23123,2.7546,3.2782,3.154,3.0507,72,1706.8569
2560.1676,8399.5003,12.5,12.1779,2.4627,0.016704,88.7936,150.3477,99.8298,0.238546,2.7252,3.2347,3.1187,3.0329,72,1714.9905
2560.32,8400.0003,12.5,12.1779,2.4651,0.0228,89.3591,150.9143,101.9587,0.245863,2.6959,3.1912,3.0835,3.0151,72,1723.124
2560.4724,8400.5003,12.5,12.1779,2.4676,0.028896,89.9246,151.4809,104.0875,0.253179,2.6666,3.1477,3.0482,2.9973,72,1731.2574
2560.6248,8401.0003,12.5,12.1779,2.4647,0.027504,90.7821,151.3736,103.1238,0.248766,2.619,3.1884,3.0951,3.0575,72,1734.1528
2560.7772,8401.5003,12.5,12.1779,2.4608,0.024456,91.7043,151.1172,101.4762,0.241758,2.5673,3.2477,3.1602,3.1351,72,1735.8898
2560.9296,8402.0003,12.5,12.1779,2.4568,0.021408,92.6265,150.8608,99.8285,0.23475,2.5156,3.3071,3.2253,3.2126,72,1737.6266
2561.082,8402.5003,12.5,12.1832,2.4741,0.021212,92.6298,150.2396,100.3709,0.232133,2.5906,3.3607,3.2875,3.2845,72,1743.2903
2561.2344,8403.0003,12.5,12.1929,2.5098,0.023464,91.8443,149.305,102.7934,0.233286,2.7743,3.4094,3.3473,3.3516,72,1752.3254
2561.3868,8403.5003,12.5,12.2027,2.5455,0.025716,91.0588,148.3705,105.216,0.234438,2.958,3.4581,3.4071,3.4187,72,1761.3605
2561.5392,8404.0003,12.5,12.2075,2.5617,0.02761,90.1932,147.5876,106.7755,0.235018,3.0572,3.4627,3.4218,3.4361,72,1766.8615
2561.6916,8404.5003,12.5,12.1977,2.5218,0.028473,89.0966,147.2426,105.8428,0.233942,2.9124,3.3401,3.3062,3.3096,72,1762.1567
2561.844,8405.0003,12.5,12.1879,2.4819,0.029336,88,146.8977,104.9102,0.232866,2.7676,3.2175,3.1906,3.1832,72,1757.452
2561.9964,8405.5003,12.5,12.1781,2.442,0.030199,86.9034,146.5527,103.9775,0.23179,2.6228,3.095,3.075,3.0568,72,1752.7473
2562.1488,8406.0003,12.5,12.1779,2.4428,0.029224,86.9566,147.0555,103.7019,0.235188,2.6041,3.116,3.0811,3.0599,72,1747.7679
2562.3012,8406.5003,12.5,12.1779,2.4446,0.028205,87.0376,147.5787,103.4423,0.238695,2.5885,3.1405,3.0901,3.0662,72,1742.782
2562.4536,8407.0003,12.5,12.1779,2.4463,0.027185,87.1185,148.1019,103.1826,0.242201,2.5729,3.165,3.0991,3.0725,72,1737.7959
2562.606,8407.5003,12.5,12.1779,2.4403,0.026292,87.3185,149.0137,104.1853,0.244157,2.5735,3.1106,3.0422,3.0152,72,1735.0865
2562.7584,8408.0003,12.5,12.1779,2.4309,0.025454,87.5705,150.0956,105.7406,0.245435,2.5813,3.0216,2.9564,2.9302,72,1733.3739
2562.9108,8408.5003,12.5,12.1779,2.4215,0.024615,87.8225,151.1774,107.2959,0.246713,2.589,2.9327,2.8706,2.8451,72,1731.6611
2563.0632,8409.0003,12.5,12.1779,2.4201,0.024698,87.9646,151.7393,107.4492,0.247262,2.6105,2.8884,2.8281,2.8073,72,1733.4326
2563.2156,8409.5003,12.5,12.1779,2.4301,0.026081,87.9516,151.567,105.6239,0.246782,2.6514,2.9074,2.8467,2.8362,72,1740.1216
2563.368,8410.0003,12.5,12.1779,2.44,0.027464,87.9386,151.3949,103.7986,0.246302,2.6923,2.9263,2.8653,2.865,72,1746.8105
2563.5204,8410.5003,12.5,12.1779,2.4484,0.028722,87.8995,151.1219,102.3656,0.245432,2.7273,2.9371,2.8769,2.8845,72,1751.3104
2563.6728,8411.0003,12.5,12.1779,2.4468,0.029171,87.6917,150.1971,103.4707,0.242042,2.7239,2.8946,2.8436,2.8429,72,1741.6461
2563.8252,8411.5003,12.5,12.1779,2.4451,0.029621,87.484,149.2722,104.5758,0.238651,2.7204,2.8521,2.8102,2.8014,72,1731.9817
2563.9776,8412.0003,12.5,12.1779,2.4435,0.03007,87.2762,148.3474,105.6809,0.235261,2.717,2.8096,2.7768,2.7599,72,1722.3174
2564.13,8412.5003,12.5,12.1779,2.4401,0.030101,86.9483,148.0036,108.8386,0.237701,2.6961,2.7935,2.7584,2.7395,72,1722.7086
2564.2824,8413.0003,12.5,12.1779,2.4365,0.030059,86.5998,147.7599,112.3499,0.241145,2.6722,2.782,2.7426,2.7227,72,1724.8325
2564.4348,8413.5003,12.5,12.1779,2.4328,0.030018,86.2512,147.5161,115.8613,0.244589,2.6483,2.7705,2.7268,2.7059,72,1726.9564
2564.5872,8414.0003,12.5,12.1779,2.4335,0.028256,85.7677,147.5409,115.2879,0.244977,2.6605,2.8123,2.7701,2.7541,72,1722.6475
2564.7396,8414.5003,12.5,12.1779,2.4375,0.025208,85.1833,147.7663,111.6604,0.243079,2.6995,2.8939,2.8577,2.8508,72,1713.5287
2564.892,8415.0003,12.5,12.1779,2.4414,0.02216,84.599,147.9917,108.0329,0.24118,2.7385,2.9756,2.9454,2.9476,72,1704.4098
2565.0444,8415.5003,12.5,12.1779,2.4439,0.020888,84.3909,148.207,105.8707,0.238929,2.7507,3.0171,2.9916,2.9961,72,1698.2235
2565.1968,8416.0003,12.5,12.1779,2.4426,0.023936,85.0982,148.3973,107.2726,0.235816,2.6973,2.961,2.9373,2.9273,72,1699.1705
2565.3492,8416.5003,12.5,12.1779,2.4414,0.026984,85.8054,148.5877,108.6744,0.232703,2.6439,2.905,2.883,2.8584,72,1700.1174
2565.5016,8417.0003,12.5,12.1779,2.44,0.03,86.5089,148.7754,110.0617,0.229684,2.5911,2.8483,2.8279,2.7892,72,1701.0518
2565.654,8417.5003,12.5,12.1779,2.4331,0.030018,86.8542,148.7124,110.0767,0.235493,2.5921,2.7259,2.7012,2.6848,72,1700.8003
2565.8064,8418.0003,12.5,12.1779,2.4262,0.030036,87.1995,148.6494,110.0916,0.241302,2.5932,2.6035,2.5745,2.5804,72,1700.5488
2565.9588,8418.5003,12.5,12.1779,2.4193,0.030054,87.5449,148.5864,110.1066,0.24711,2.5943,2.4811,2.4477,2.476,72,1700.2974
2566.1112,8419.0003,12.5,12.1779,2.4214,0.030045,87.8808,148.3521,109.1003,0.249277,2.5887,2.5009,2.4603,2.4798,72,1703.6073
2566.2636,8419.5003,12.5,12.1779,2.4268,0.030028,88.2131,148.0544,107.7157,0.250094,2.5805,2.5734,2.5246,2.5237,72,1708.2368
2566.416,8420.0003,12.5,12.1779,2.4322,0.03001,88.5455,147.7566,106.331,0.250911,2.5724,2.6459,2.5888,2.5675,72,1712.8663
2566.5684,8420.5003,12.5,12.1779,2.4282,0.03,88.6274,147.4068,104.5037,0.247916,2.5514,2.6576,2.6016,2.5784,72,1718.6354
2566.7208,8421.0003,12.5,12.1779,2.4125,0.03,88.4017,146.9932,102.1328,0.240242,2.5145,2.5944,2.5511,2.5487,72,1725.8038
2566.8732,8421.5003,12.5,12.1779,2.3968,0.03,88.1761,146.5795,99.7619,0.232567,2.4776,2.5313,2.5007,2.5191,72,1732.9724
2567.0256,8422.0003,12.5,12.178,2.3846,0.029488,87.9872,146.2738,98.0294,0.227117,2.4481,2.4899,2.4675,2.5015,72,1738.2966
2567.178,8422.5003,12.5,12.1789,2.3895,0.02644,87.9801,146.5034,99.4585,0.232689,2.4556,2.5562,2.5197,2.544,72,1734.4861
2567.3304,8423.0003,12.5,12.1798,2.3945,0.023392,87.9731,146.7329,100.8877,0.238262,2.463,2.6225,2.5719,2.5865,72,1730.6755
2567.4828,8423.5003,12.5,12.1807,2.3994,0.020344,87.966,146.9624,102.3169,0.243834,2.4704,2.6888,2.6241,2.629,72,1726.865
2567.6352,8424.0003,12.5,12.18,2.4092,0.021639,88.0277,147.318,103.5639,0.245947,2.5299,2.7085,2.6527,2.6469,72,1727.9662
2567.7876,8424.5003,12.5,12.1791,2.4196,0.023487,88.0982,147.6897,104.7877,0.24762,2.5961,2.7224,2.6784,2.6618,72,1729.6923
2567.94,8425.0003,12.5,12.1782,2.4299,0.025335,88.1686,148.0613,106.0115,0.249294,2.6623,2.7362,2.704,2.6767,72,1731.4182
2568.0924,8425.5003,12.5,12.1779,2.4314,0.024943,87.9803,148.2163,106.193,0.248648,2.6387,2.7204,2.6942,2.6764,72,1728.5276
2568.2448,8426.0003,12.5,12.1779,2.4271,0.023095,87.6241,148.2305,105.6976,0.246497,2.5569,2.6852,2.6615,2.6664,72,1722.6392
2568.3972,8426.5003,12.5,12.1779,2.4227,0.021247,87.2679,148.2447,105.2023,0.244346,2.4751,2.65,2.6288,2.6564,72,1716.7507
2568.5496,8427.0003,12.5,12.1779,2.4149,0.02,87.0752,148.2503,104.4265,0.241664,2.4345,2.6233,2.601,2.6356,72,1717.0472
2568.702,8427.5003,12.5,12.1779,2.3999,0.02,87.2213,148.2379,103.0694,0.23788,2.4791,2.6141,2.5833,2.5925,72,1730.1621
2568.8544,8428.0003,12.5,12.1779,2.385,0.02,87.3673,148.2254,101.7123,0.234096,2.5237,2.605,2.5656,2.5493,72,1743.277
2569.0068,8428.5003,12.5,12.1785,2.3725,0.020204,87.5583,148.2063,100.3766,0.230667,2.5695,2.6024,2.554,2.5131,72,1755.5557
2569.1592,8429.0003,12.5,12.1914,2.4134,0.024776,88.7115,148.043,99.4995,0.234825,2.6431,2.7391,2.6717,2.6241,72,1749.9271
2569.3116,8429.5003,12.5,12.2042,2.4544,0.029348,89.8647,147.8798,98.6224,0.238984,2.7166,2.8759,2.7895,2.7352,72,1744.2986
2569.464,8430.0003,12.5,12.2171,2.4953,0.03392,91.0179,147.7165,97.7453,0.243143,2.7901,3.0127,2.9072,2.8463,72,1738.67
2569.6164,8430.5003,12.5,12.2683,2.4965,0.031605,91.3321,147.6925,96.3752,0.240545,2.8438,3.0245,2.9448,2.9279,72.0738,1744.415
2569.7688,8431.0003,12.5,12.3313,2.4854,0.027161,91.3868,147.7116,94.8526,0.235859,2.8912,2.9976,2.9577,3.0004,72.1705,1753.6777
2569.9212,8431.5003,12.5,12.3943,2.4743,0.022717,91.4415,147.7307,93.3301,0.231172,2.9387,2.9707,2.9705,3.0729,72.2672,1762.9404
2570.0736,8432.0003,12.5,12.3902,2.4646,0.020366,91.5047,147.6772,93.8438,0.229886,2.9291,2.9064,2.9226,3.0225,72.4177,1759.9941
2570.226,8432.5003,12.5,12.3143,2.4565,0.020258,91.5768,147.546,96.5376,0.23224,2.8585,2.8022,2.8097,2.8406,72.6258,1743.9766
2570.3784,8433.0003,12.5,12.2384,2.4484,0.02015,91.649,147.4147,99.2315,0.234594,2.7879,2.698,2.6968,2.6587,72.8339,1727.959
2570.5308,8433.5003,12.5,12.1793,2.4394,0.021236,91.6883,147.349,101.1608,0.23915,2.7281,2.5936,2.5825,2.4949,73,1717.2161
2570.6832,8434.0003,12.5,12.1865,2.4266,0.027035,91.5982,147.5417,100.0716,0.252405,2.711,2.4891,2.4628,2.4027,73,1727.2979
2570.8356,8434.5003,12.5,12.1937,2.4138,0.032834,91.5081,147.7343,98.9824,0.265659,2.6938,2.3845,2.3431,2.3106,73,1737.3798
2570.988,8435.0003,12.5,12.2008,2.401,0.038633,91.418,147.927,97.8932,0.278913,2.6766,2.2799,2.2234,2.2184,73,1747.4617
2571.1404,8435.5003,12.5,12.1948,2.4028,0.036537,90.7385,148.8076,99.4132,0.271193,2.684,2.3153,2.2594,2.2611,73,1740.5649
2571.2928,8436.0003,12.5,12.1876,2.4059,0.033767,90.0086,149.7471,101.1562,0.261679,2.6934,2.3625,2.3089,2.3153,73,1732.2172
2571.4452,8436.5003,12.5,12.1805,2.4089,0.030996,89.2787,150.6865,102.8991,0.252166,2.7029,2.4098,2.3583,2.3695,73,1723.8694
2571.5976,8437.0003,12.5,12.1811,2.4048,0.026096,89.1353,150.8784,103.2548,0.250047,2.6752,2.4499,2.4052,2.4176,73,1718.5933
2571.75,8437.5003,12.5,12.1861,2.3968,0.02,89.3211,150.6507,102.8316,0.252082,2.6265,2.486,2.4507,2.4624,73,1715.042
2571.9024,8438.0003,12.5,12.191,2.3887,0.013904,89.5069,150.4229,102.4084,0.254116,2.5779,2.5221,2.4962,2.5071,73,1711.4906
2572.0548,8438.5003,12.5,12.1924,2.3874,0.012119,89.8519,150.3794,101.2239,0.256103,2.5565,2.5466,2.5237,2.5319,73,1711.5496
2572.2072,8439.0003,12.5,12.1875,2.398,0.018013,90.4803,150.6642,98.6837,0.258006,2.5835,2.5507,2.519,2.5213,73,1718.0388
2572.3596,8439.5003,12.5,12.1825,2.4087,0.023906,91.1087,150.9489,96.1435,0.259909,2.6105,2.5548,2.5144,2.5106,73,1724.528
2572.512,8440.0003,12.5,12.1792,2.4181,0.029303,91.5282,151.2291,94.0597,0.261141,2.6311,2.5545,2.5063,2.4976,73,1730.7427
2572.6644,8440.5003,12.5,12.1964,2.4125,0.028889,89.5024,151.457,97.3157,0.254531,2.5772,2.5026,2.4583,2.4572,73,1733.7461
2572.8168,8441.0003,12.5,12.2135,2.4068,0.028476,87.4766,151.6849,100.5718,0.247921,2.5232,2.4508,2.4102,2.4168,73,1736.7495
2572.9692,8441.5003,12.5,12.2306,2.4012,0.028063,85.4508,151.9128,103.8278,0.241311,2.4692,2.3989,2.3621,2.3763,73,1739.7529
2573.1216,8442.0003,12.5,12.2266,2.3989,0.027204,84.9425,151.2487,105.5297,0.242541,2.4625,2.3879,2.3509,2.3577,73,1736.8652
2573.274,8442.5003,12.5,12.2172,2.3974,0.026232,84.8186,150.3586,106.8379,0.245756,2.4678,2.3873,2.349,2.3446,73,1732.4854
2573.4264,8443.0003,12.5,12.2079,2.396,0.02526,84.6947,149.4686,108.146,0.248972,2.4732,2.3866,2.3472,2.3315,73,1728.1056
2573.5788,8443.5003,12.5,12.2149,2.3929,0.027188,85.6307,149.0028,107.4409,0.246892,2.4953,2.355,2.3173,2.298,73,1724.5331
2573.7312,8444.0003,12.5,12.2371,2.3882,0.031824,87.5568,148.9332,104.8554,0.239866,2.5332,2.2944,2.2613,2.2453,73,1721.7146
2573.8836,8444.5003,12.5,12.2594,2.3836,0.036459,89.4829,148.8636,102.2698,0.232841,2.5711,2.2338,2.2053,2.1927,73,1718.8961
2574.036,8445.0003,12.5,12.3006,2.3807,0.039235,90.9804,148.9459,99.5539,0.230496,2.5959,2.2045,2.1791,2.1721,73,1716.829
2574.1884,8445.5003,12.5,12.4032,2.3838,0.035997,91.0918,149.519,96.4165,0.243284,2.5786,2.2763,2.2494,2.2552,73,1717.191
2574.3408,8446.0003,12.5,12.5058,2.3868,0.032758,91.2033,150.092,93.2791,0.256072,2.5612,2.3481,2.3197,2.3382,73,1717.5531
2574.4932,8446.5003,12.5,12.6084,2.3899,0.02952,91.3148,150.6651,90.1417,0.268861,2.5439,2.4199,2.39,2.4213,73,1717.9153
2574.6456,8447.0003,12.5,12.5013,2.3938,0.027593,91.0606,149.3935,92.6886,0.265991,2.55,2.4239,2.3997,2.4185,73,1721.3409
2574.798,8447.5003,12.5,12.3843,2.3978,0.025727,90.7895,148.0358,95.5009,0.262389,2.5572,2.4248,2.4066,2.4117,73,1724.9097
2574.9504,8448.0003,12.5,12.2674,2.4018,0.023862,90.5183,146.678,98.3132,0.258788,2.5644,2.4256,2.4135,2.4048,73,1728.4784
2575.1028,8448.5003,12.5,12.2271,2.3906,0.026684,90.3206,146.0412,98.9889,0.257302,2.5583,2.4013,2.3829,2.3774,73,1735.8167
2575.2552,8449.0003,12.5,12.2238,2.3719,0.031769,90.1584,145.7521,98.6336,0.256836,2.5458,2.3647,2.3343,2.34,73,1744.9736
2575.4076,8449.5003,12.5,12.2205,2.3533,0.036854,89.9961,145.4631,98.2784,0.25637,2.5333,2.3282,2.2856,2.3026,73,1754.1306
2575.56,8450.0003,12.5,12.2167,2.3349,0.038745,90.0448,145.8341,98.0716,0.254663,2.5096,2.302,2.2525,2.2662,73,1755.8689
2575.7124,8450.5003,12.5,12.2121,2.3167,0.035716,90.4184,147.2217,98.0934,0.251043,2.4686,2.2918,2.2434,2.2316,73,1746.1825
2575.8648,8451.0003,12.5,12.2075,2.2986,0.032687,90.7921,148.6093,98.1153,0.247424,2.4276,2.2816,2.2343,2.197,73,1736.4961
2576.0172,8451.5003,12.5,12.2041,2.2837,0.030064,91.1024,149.9374,98.0685,0.244504,2.4017,2.2824,2.2342,2.174,73,1728.5753
2576.1696,8452.0003,12.5,12.2106,2.2944,0.030636,90.9155,150.7979,97.4826,0.247089,2.4943,2.3702,2.3049,2.2428,73,1734.5331
2576.322,8452.5003,12.5,12.2171,2.305,0.031208,90.7285,151.6583,96.8967,0.249674,2.5869,2.4581,2.3756,2.3116,73,1740.491
2576.4744,8453.0003,12.5,12.2236,2.3157,0.031779,90.5416,152.5188,96.3107,0.25226,2.6794,2.5459,2.4463,2.3803,73,1746.4487
2576.6268,8453.5003,12.5,12.2294,2.3345,0.031399,91.0743,152.3798,97.3302,0.256467,2.6867,2.5818,2.4936,2.4377,73,1745.1813
2576.7792,8454.0003,12.5,12.235,2.3549,0.030828,91.7524,152.039,98.6737,0.261003,2.6767,2.6072,2.5363,2.4929,73,1742.4553
2576.9316,8454.5003,12.5,12.2405,2.3754,0.030256,92.4305,151.6982,100.0172,0.265538,2.6667,2.6327,2.5789,2.548,73,1739.7292
2577.084,8455.0003,12.5,12.2857,2.3855,0.031216,93.381,151.438,100.1114,0.26576,2.6358,2.5847,2.5398,2.5095,73,1739.887
2577.2364,8455.5003,12.5,12.3631,2.3871,0.033422,94.5533,151.2434,99.1882,0.262471,2.5881,2.4768,2.434,2.3948,73,1742.3931
2577.3888,8456.0003,12.5,12.4405,2.3888,0.035628,95.7257,151.0488,98.265,0.259181,2.5404,2.369,2.3282,2.2801,73,1744.899
2577.5412,8456.5003,12.5,12.4706,2.3851,0.036642,96.3048,150.8977,97.1884,0.256769,2.5027,2.2928,2.2518,2.2033,73,1746.782
2577.6936,8457.0003,12.5,12.3729,2.3669,0.034436,95.2829,150.8639,95.6973,0.256725,2.4923,2.302,2.2547,2.2287,73,1746.9829
2577.846,8457.5003,12.5,12.2752,2.3488,0.03223,94.2609,150.8301,94.2062,0.256681,2.4818,2.3112,2.2577,2.2542,73,1747.1838
2577.9984,8458.0003,12.5,12.1775,2.3306,0.030024,93.239,150.7964,92.7151,0.256637,2.4714,2.3204,2.2606,2.2796,73,1747.3849
2578.1508,8458.5003,12.5,12.2077,2.353,0.033016,92.0809,150.8949,95.0909,0.256569,2.5765,2.3658,2.3116,2.3183,73,1753.614
2578.3032,8459.0003,12.5,12.2393,2.3757,0.036064,90.9214,150.9949,97.5077,0.2565,2.6829,2.4115,2.363,2.3572,73,1759.9071
2578.4556,8459.5003,12.5,12.2709,2.3985,0.039112,89.7619,151.0948,99.9245,0.256432,2.7893,2.4573,2.4145,2.3961,73,1766.2003
2578.608,8460.0003,12.5,12.2675,2.4059,0.041215,90.5205,151.2955,100.3199,0.254889,2.7998,2.4561,2.4211,2.417,73,1757.3303
2578.7604,8460.5003,12.5,12.2497,2.407,0.042929,92.0676,151.5376,99.8844,0.252741,2.771,2.4358,2.4092,2.4306,73,1742.2266
2578.9128,8461.0003,12.5,12.2319,2.4081,0.044644,93.6147,151.7797,99.4488,0.250592,2.7421,2.4154,2.3974,2.4441,73,1727.1228
2579.0652,8461.5003,12.5,12.2526,2.4061,0.043779,95.5143,151.8871,98.0677,0.251747,2.7069,2.3623,2.3484,2.3973,73,1720.7816
2579.2176,8462.0003,12.5,12.3248,2.4,0.039465,97.8853,151.8145,95.422,0.257321,2.6633,2.2653,2.2498,2.2698,73,1726.1594
2579.37,8462.5003,12.5,12.397,2.3938,0.03515,100.2562,151.7418,92.7764,0.262895,2.6196,2.1683,2.1513,2.1422,73,1731.5374
2579.5224,8463.0003,12.5,12.4729,2.3864,0.031405,102.0708,151.6536,90.465,0.267104,2.5697,2.0821,2.0628,2.031,73,1737.6215
2579.6748,8463.5003,12.5,12.5695,2.3716,0.030962,100.6558,151.4754,90.0935,0.263389,2.4831,2.0589,2.033,2.0141,73,1747.804
2579.8272,8464.0003,12.5,12.6662,2.3568,0.03052,99.2408,151.2972,89.722,0.259675,2.3965,2.0357,2.0032,1.9972,73,1757.9866
2579.9796,8464.5003,12.5,12.7629,2.342,0.030077,97.8258,151.119,89.3505,0.255961,2.3099,2.0125,1.9734,1.9803,73,1768.1692
2580.132,8465.0003,12.5,12.645,2.3453,0.030044,96.375,150.5583,91.2621,0.253355,2.3692,2.0176,1.9809,1.993,73,1756.3975
2580.2844,8465.5003,12.5,12.4939,2.3514,0.030074,94.9185,149.9386,93.5266,0.25092,2.451,2.027,1.9941,2.0102,73,1741.2328
2580.4368,8466.0003,12.5,12.3428,2.3575,0.030105,93.4621,149.3188,95.7911,0.248485,2.5328,2.0365,2.0074,2.0275,73,1726.0681
2580.5892,8466.5003,12.5,12.2801,2.3612,0.02887,93.2019,149.9019,96.2856,0.249654,2.586,2.0654,2.0357,2.0428,73,1726.5945
2580.7416,8467.0003,12.5,12.2801,2.3633,0.026738,93.7893,151.3371,95.526,0.253376,2.619,2.1081,2.0746,2.0566,73,1738.2383
2580.894,8467.5003,12.5,12.2801,2.3654,0.024607,94.3766,152.7723,94.7664,0.257099,2.652,2.1509,2.1135,2.0704,73,1749.8822
2581.0464,8468.0003,12.5,12.2799,2.3644,0.023762,94.6386,154.2603,94.2545,0.25967,2.6455,2.1623,2.1241,2.0745,73,1755.6926
2581.1988,8468.5003,12.5,12.2794,2.3564,0.025853,94.1571,155.8687,94.3084,0.259612,2.5488,2.1021,2.0698,2.0566,73,1748.1768
2581.3512,8469.0003,12.5,12.2788,2.3483,0.027944,93.6757,157.4771,94.3624,0.259554,2.452,2.0419,2.0154,2.0386,73,1740.6609
2581.5036,8469.5003,12.5,12.2791,2.3407,0.030039,93.1996,159.0261,94.432,0.25943,2.3595,1.9849,1.964,2.0218,73,1733.265
2581.656,8470.0003,12.5,12.3137,2.3497,0.032295,92.943,158.1235,95.1511,0.256571,2.4396,2.0627,2.0321,2.0554,73,1730.8275
2581.8084,8470.5003,12.5,12.3483,2.3587,0.034551,92.6864,157.2209,95.8702,0.253711,2.5197,2.1406,2.1001,2.089,73,1728.3899
2581.9608,8471.0003,12.5,12.3829,2.3677,0.036808,92.4298,156.3182,96.5893,0.250851,2.5998,2.2184,2.1682,2.1226,73,1725.9523
2582.1132,8471.5003,12.5,12.3532,2.3735,0.035716,92.4153,154,98.8667,0.251235,2.6334,2.2523,2.2074,2.1661,73,1726.4747
2582.2656,8472.0003,12.5,12.3011,2.3782,0.033464,92.4847,151.1917,101.6838,0.252741,2.6508,2.2711,2.2365,2.213,73,1728.0222
2582.418,8472.5003,12.5,12.2491,2.3829,0.031212,92.554,148.3833,104.5008,0.254248,2.6683,2.2899,2.2657,2.2599,73,1729.5697
2582.5704,8473.0003,12.5,12.225,2.3835,0.03,93.0189,147.2683,105.1386,0.254321,2.6594,2.3045,2.2829,2.2861,73,1730.1003
2582.7228,8473.5003,12.5,12.2334,2.3794,0.03,93.9446,148.1257,103.2381,0.252725,2.62,2.3142,2.2861,2.2882,73,1729.4467
2582.8752,8474.0003,12.5,12.2418,2.3753,0.03,94.8703,148.9832,101.3376,0.251129,2.5806,2.3239,2.2893,2.2902,73,1728.793
2583.0276,8474.5003,12.5,12.2479,2.3713,0.03,95.6961,149.8218,99.5883,0.249265,2.5446,2.3277,2.2883,2.2881,73,1727.7925
2583.18,8475.0003,12.5,12.243,2.3672,0.03,96.0698,150.5753,98.5229,0.246196,2.5246,2.3047,2.2683,2.2678,73,1725.224
2583.3324,8475.5003,12.5,12.2382,2.3632,0.03,96.4436,151.3288,97.4574,0.243126,2.5045,2.2816,2.2483,2.2474,73,1722.6556
2583.4848,8476.0003,12.5,12.2333,2.3592,0.03,96.8174,152.0823,96.3919,0.240056,2.4845,2.2585,2.2282,2.227,73,1720.0872
2583.6372,8476.5003,12.5,12.2374,2.3563,0.03,97.2719,151.9433,96.584,0.246915,2.4636,2.2201,2.1878,2.1863,73,1723.8967
2583.7896,8477.0003,12.5,12.2426,2.3536,0.03,97.7354,151.7053,96.9154,0.254874,2.4426,2.1799,2.145,2.1433,73,1728.413
2583.942,8477.5003,12.5,12.2477,2.3508,0.03,98.1989,151.4674,97.2468,0.262833,2.4216,2.1397,2.1023,2.1003,73,1732.9293
2584.0944,8478.0003,12.5,12.249,2.3442,0.030636,97.6846,151.7996,97.8054,0.264545,2.4191,2.0885,2.0505,2.0456,73,1738.1641
2584.2468,8478.5003,12.5,12.2478,2.3351,0.031662,96.5695,152.482,98.5036,0.26242,2.428,2.0305,1.993,1.9838,73,1743.8403
2584.3992,8479.0003,12.5,12.2466,2.3261,0.032689,95.4545,153.1644,99.2017,0.260294,2.4369,1.9725,1.9356,1.922,73,1749.5166
2584.5516,8479.5003,12.5,12.2438,2.3211,0.03199,94.7535,153.951,99.9689,0.255365,2.4432,1.9543,1.9166,1.9047,73,1750.6296
2584.704,8480.0003,12.5,12.2378,2.3241,0.027919,94.8611,154.941,100.8708,0.244961,2.4442,2.014,1.9728,1.9742,73,1742.8285
2584.8564,8480.5003,12.5,12.2317,2.3272,0.023848,94.9688,155.931,101.7727,0.234557,2.4452,2.0737,2.0289,2.0437,73,1735.0275
2585.0088,8481.0003,12.5,12.2263,2.33,0.020189,95.0718,156.8728,102.5825,0.224875,2.4454,2.1303,2.0831,2.1098,73,1728.1808
2585.1612,8481.5003,12.5,12.2315,2.3294,0.023233,95.0982,157.0276,101.8894,0.226984,2.4314,2.1367,2.1049,2.1205,73,1736.9103
2585.3136,8482.0003,12.5,12.2367,2.3287,0.026277,95.1246,157.1823,101.1963,0.229093,2.4174,2.1431,2.1267,2.1311,73,1745.6398
2585.466,8482.5003,12.5,12.2419,2.3281,0.029321,95.151,157.3371,100.5033,0.231202,2.4034,2.1495,2.1485,2.1418,73,1754.3693
2585.6184,8483.0003,12.5,12.2519,2.3296,0.028816,94.6399,157.1492,98.9882,0.232484,2.3967,2.1578,2.1526,2.1444,73,1751.6052
2585.7708,8483.5003,12.5,12.2631,2.3318,0.027292,93.9745,156.8629,97.237,0.233529,2.392,2.1667,2.1515,2.1446,73,1745.5409
2585.9232,8484.0003,12.5,12.2744,2.3339,0.025768,93.3091,156.5766,95.4859,0.234574,2.3874,2.1755,2.1505,2.1449,73,1739.4764
2586.0756,8484.5003,12.5,12.2709,2.3349,0.025756,93.2355,156.581,95.3758,0.238757,2.3841,2.182,2.1508,2.1474,73,1734.2347
2586.228,8485.0003,12.5,12.2522,2.3346,0.02728,93.763,156.8807,96.9329,0.24613,2.3822,2.186,2.1525,2.1524,73,1729.8291
2586.3804,8485.5003,12.5,12.2336,2.3343,0.028804,94.2905,157.1805,98.49,0.253503,2.3804,2.1899,2.1542,2.1573,73,1725.4235
2586.5328,8486.0003,12.5,12.2298,2.3352,0.03,94.7887,157.3632,99.7101,0.258126,2.3895,2.2003,2.1626,2.1653,73,1724.5415
2586.6852,8486.5003,12.5,12.2801,2.3404,0.03,95.1803,157.1194,99.7016,0.252721,2.4383,2.2341,2.1956,2.1844,73,1736.5085
2586.8376,8487.0003,12.5,12.3304,2.3457,0.03,95.5719,156.8756,99.6931,0.247317,2.4872,2.2679,2.2287,2.2036,73,1748.4756
2586.99,8487.5003,12.5,12.3807,2.3509,0.03,95.9634,156.6318,99.6847,0.241912,2.536,2.3017,2.2617,2.2227,73,1760.4426
2587.1424,8488.0003,12.5,12.3443,2.3499,0.032815,96.0889,155.8736,98.4796,0.237089,2.5951,2.2591,2.2183,2.1944,73,1761.7378
2587.2948,8488.5003,12.5,12.3019,2.3485,0.035829,96.1958,155.0794,97.1905,0.232307,2.6549,2.2112,2.1695,2.1628,73,1762.2833
2587.4472,8489.0003,12.5,12.2594,2.347,0.038842,96.3026,154.2851,95.9014,0.227525,2.7147,2.1633,2.1208,2.1312,73,1762.829
2587.5996,8489.5003,12.5,12.3434,2.3405,0.039161,97.1635,153.6864,94.1794,0.228165,2.6753,2.1133,2.0712,2.0824,73,1756.3506
2587.752,8490.0003,12.5,12.4945,2.3313,0.038053,98.4241,153.1913,92.2279,0.23168,2.5834,2.0621,2.0213,2.0244,73,1746.1484
2587.9044,8490.5003,12.5,12.6455,2.322,0.036945,99.6847,152.6961,90.2764,0.235195,2.4914,2.0109,1.9713,1.9664,73,1735.9464
2588.0568,8491.0003,12.5,12.7366,2.3202,0.03554,100.4078,152.3717,89.5212,0.241854,2.4362,1.966,1.9293,1.9203,73,1733.0928
2588.2092,8491.5003,12.5,12.7265,2.3307,0.033635,100.2261,152.3347,90.7796,0.253805,2.4427,1.9319,1.9006,1.8943,73,1742.6077
2588.3616,8492.0003,12.5,12.7164,2.3412,0.03173,100.0444,152.2976,92.0379,0.265756,2.4493,1.8978,1.872,1.8684,73,1752.1224
2588.514,8492.5003,12.5,12.7065,2.351,0.029999,99.8944,152.2797,93.1129,0.276049,2.4549,1.8738,1.8524,1.8503,73,1760.4656
2588.6664,8493.0003,12.5,12.6988,2.3544,0.029986,100.057,152.4513,92.3752,0.269951,2.4516,1.9498,1.9231,1.911,73,1757.2253
2588.8188,8493.5003,12.5,12.6911,2.3579,0.029973,100.2196,152.6229,91.6376,0.263854,2.4483,2.0257,1.9939,1.9717,73,1753.9852
2588.9712,8494.0003,12.5,12.6834,2.3613,0.02996,100.3822,152.7945,90.9,0.257756,2.445,2.1017,2.0646,2.0324,73,1750.7451
2589.1236,8494.5003,12.5,12.6552,2.3651,0.028664,100.0307,153.1239,92.1073,0.252071,2.4745,2.1356,2.1018,2.0776,73,1755.3744
2589.276,8495.0003,12.5,12.6223,2.369,0.027068,99.5595,153.4902,93.7679,0.246483,2.5116,2.1597,2.1312,2.1192,73,1761.8374
2589.4284,8495.5003,12.5,12.5893,2.3729,0.025473,99.0882,153.8564,95.4284,0.240895,2.5488,2.1838,2.1606,2.1608,73,1768.3003
2589.5808,8496.0003,12.5,12.5449,2.376,0.028797,98.5296,154.5647,96.1787,0.242563,2.5906,2.1534,2.134,2.143,73,1762.3604
2589.7332,8496.5003,12.5,12.4904,2.3784,0.03648,97.8936,155.576,96.1224,0.250662,2.6367,2.0748,2.0579,2.0726,73,1745.4297
2589.8856,8497.0003,12.5,12.4359,2.3809,0.044164,97.2576,156.5874,96.0661,0.258761,2.6827,1.9962,1.9817,2.0023,73,1728.4991
2590.038,8497.5003,12.5,12.4126,2.3825,0.048439,96.9349,157.2047,95.5348,0.265572,2.7062,1.9428,1.9281,1.9474,73,1717.8062
2590.1904,8498.0003,12.5,12.4837,2.3818,0.042452,97.5554,156.6358,93.5734,0.268502,2.662,1.9655,1.9424,1.9392,73,1725.8917
2590.3428,8498.5003,12.5,12.5547,2.3811,0.036466,98.1759,156.067,91.6121,0.271432,2.6178,1.9883,1.9567,1.931,73,1733.9773
2590.4952,8499.0003,12.5,12.6257,2.3804,0.030479,98.7964,155.4981,89.6507,0.274363,2.5737,2.011,1.9709,1.9229,73,1742.063
2590.6476,8499.5003,12.5,12.666,2.3891,0.030205,99.6781,155.3015,90.0974,0.265027,2.6503,2.054,2.0148,1.9774,73,1746.0934
2590.8,8500.0003,12.5,12.7053,2.3981,0.030116,100.5684,155.1171,90.6224,0.255293,2.7309,2.0977,2.0596,2.034,73,1749.9921
2590.9524,8500.5003,12.5,12.7446,2.4072,0.030028,101.4586,154.9326,91.1474,0.245559,2.8115,2.1414,2.1044,2.0906,73,1753.8906
